artifact_id,payload_sha256,sequence,entry_id,statement,label,taxonomy,unit,period_start,period_end,prior_value,prior_accepted_at,prior_accession,non_reliance_accepted_at,non_reliance_accession,restated_value,restated_accepted_at,restated_accession,issuer_reported_adjustment,calculated_delta,absolute_delta,arithmetic_reconciled,sign_changed,classification,company_facts_prior_value,company_facts_restated_value,prior_filing_url,non_reliance_filing_url,restated_filing_url
bbai-accession-level-pit-revision-ledger-2025-v1,a7e2d6b0bf868fbb853a6b9decff34bcbd6c61f4d3ea2f0e859c80803a399641,1,BBAI-RS-001,statement-of-cash-flows,Net increase (decrease) in fair value of derivatives,bbai:FairValueAdjustmentsOfWarrantsAndDerivatives,USD,2022-01-01,2022-12-31,-1591000,2023-03-31T20:18:35.000Z,0001628280-23-010166,2025-03-18T10:04:50.000Z,0001193125-25-056086,-21387000,2025-03-25T20:49:29.000Z,0001628280-25-014752,-19796000,-19796000,19796000,true,false,issuer-identified-restatement,custom-taxonomy-not-returned,custom-taxonomy-not-returned,https://www.sec.gov/Archives/edgar/data/1836981/000162828023010166/bbai-20221231.htm,https://www.sec.gov/Archives/edgar/data/1836981/000119312525056086/d925610d8k.htm,https://www.sec.gov/Archives/edgar/data/1836981/000162828025014752/bbai-20241231.htm
bbai-accession-level-pit-revision-ledger-2025-v1,a7e2d6b0bf868fbb853a6b9decff34bcbd6c61f4d3ea2f0e859c80803a399641,2,BBAI-RS-002,statement-of-cash-flows,Amortization of debt issuance costs and discount,us-gaap:AmortizationOfFinancingCosts,USD,2022-01-01,2022-12-31,2302000,2023-03-31T20:18:35.000Z,0001628280-23-010166,2025-03-18T10:04:50.000Z,0001193125-25-056086,11958000,2025-03-25T20:49:29.000Z,0001628280-25-014752,9656000,9656000,9656000,true,false,issuer-identified-restatement,matched,matched,https://www.sec.gov/Archives/edgar/data/1836981/000162828023010166/bbai-20221231.htm,https://www.sec.gov/Archives/edgar/data/1836981/000119312525056086/d925610d8k.htm,https://www.sec.gov/Archives/edgar/data/1836981/000162828025014752/bbai-20241231.htm
bbai-accession-level-pit-revision-ledger-2025-v1,a7e2d6b0bf868fbb853a6b9decff34bcbd6c61f4d3ea2f0e859c80803a399641,3,BBAI-RS-003,statement-of-cash-flows,Deferred income tax (benefit) expense,us-gaap:DeferredIncomeTaxExpenseBenefit,USD,2022-01-01,2022-12-31,-1757000,2023-03-31T20:18:35.000Z,0001628280-23-010166,2025-03-18T10:04:50.000Z,0001193125-25-056086,-1924000,2025-03-25T20:49:29.000Z,0001628280-25-014752,-167000,-167000,167000,true,false,issuer-identified-restatement,matched,matched,https://www.sec.gov/Archives/edgar/data/1836981/000162828023010166/bbai-20221231.htm,https://www.sec.gov/Archives/edgar/data/1836981/000119312525056086/d925610d8k.htm,https://www.sec.gov/Archives/edgar/data/1836981/000162828025014752/bbai-20241231.htm
bbai-accession-level-pit-revision-ledger-2025-v1,a7e2d6b0bf868fbb853a6b9decff34bcbd6c61f4d3ea2f0e859c80803a399641,4,BBAI-RS-004,statement-of-cash-flows,Net loss,us-gaap:NetIncomeLoss,USD,2022-01-01,2022-12-31,-121674000,2023-03-31T20:18:35.000Z,0001628280-23-010166,2025-03-18T10:04:50.000Z,0001193125-25-056086,-111367000,2025-03-25T20:49:29.000Z,0001628280-25-014752,10307000,10307000,10307000,true,false,issuer-identified-restatement,matched,matched,https://www.sec.gov/Archives/edgar/data/1836981/000162828023010166/bbai-20221231.htm,https://www.sec.gov/Archives/edgar/data/1836981/000119312525056086/d925610d8k.htm,https://www.sec.gov/Archives/edgar/data/1836981/000162828025014752/bbai-20241231.htm
bbai-accession-level-pit-revision-ledger-2025-v1,a7e2d6b0bf868fbb853a6b9decff34bcbd6c61f4d3ea2f0e859c80803a399641,5,BBAI-RS-005,statement-of-operations,Basic and diluted net loss per share,us-gaap:EarningsPerShareBasic,USD/share,2022-01-01,2022-12-31,-0.95,2023-03-31T20:18:35.000Z,0001628280-23-010166,2025-03-18T10:04:50.000Z,0001193125-25-056086,-0.87,2025-03-25T20:49:29.000Z,0001628280-25-014752,0.08,0.07999999999999996,0.07999999999999996,true,false,issuer-identified-restatement,matched,matched,https://www.sec.gov/Archives/edgar/data/1836981/000162828023010166/bbai-20221231.htm,https://www.sec.gov/Archives/edgar/data/1836981/000119312525056086/d925610d8k.htm,https://www.sec.gov/Archives/edgar/data/1836981/000162828025014752/bbai-20241231.htm
bbai-accession-level-pit-revision-ledger-2025-v1,a7e2d6b0bf868fbb853a6b9decff34bcbd6c61f4d3ea2f0e859c80803a399641,6,BBAI-RS-006,statement-of-operations,Basic and diluted net loss per share,us-gaap:EarningsPerShareDiluted,USD/share,2022-01-01,2022-12-31,-0.95,2023-03-31T20:18:35.000Z,0001628280-23-010166,2025-03-18T10:04:50.000Z,0001193125-25-056086,-0.87,2025-03-25T20:49:29.000Z,0001628280-25-014752,0.08,0.07999999999999996,0.07999999999999996,true,false,issuer-identified-restatement,matched,matched,https://www.sec.gov/Archives/edgar/data/1836981/000162828023010166/bbai-20221231.htm,https://www.sec.gov/Archives/edgar/data/1836981/000119312525056086/d925610d8k.htm,https://www.sec.gov/Archives/edgar/data/1836981/000162828025014752/bbai-20241231.htm
bbai-accession-level-pit-revision-ledger-2025-v1,a7e2d6b0bf868fbb853a6b9decff34bcbd6c61f4d3ea2f0e859c80803a399641,7,BBAI-RS-007,statement-of-operations,Net increase (decrease) in fair value of derivatives,us-gaap:GainLossOnDerivativeInstrumentsNetPretax,USD,2022-01-01,2022-12-31,1591000,2023-03-31T20:18:35.000Z,0001628280-23-010166,2025-03-18T10:04:50.000Z,0001193125-25-056086,21387000,2025-03-25T20:49:29.000Z,0001628280-25-014752,19796000,19796000,19796000,true,false,issuer-identified-restatement,matched,matched,https://www.sec.gov/Archives/edgar/data/1836981/000162828023010166/bbai-20221231.htm,https://www.sec.gov/Archives/edgar/data/1836981/000119312525056086/d925610d8k.htm,https://www.sec.gov/Archives/edgar/data/1836981/000162828025014752/bbai-20241231.htm
bbai-accession-level-pit-revision-ledger-2025-v1,a7e2d6b0bf868fbb853a6b9decff34bcbd6c61f4d3ea2f0e859c80803a399641,8,BBAI-RS-008,statement-of-operations,Loss before taxes,us-gaap:IncomeLossFromContinuingOperationsBeforeIncomeTaxesExtraordinaryItemsNoncontrollingInterest,USD,2022-01-01,2022-12-31,-123391000,2023-03-31T20:18:35.000Z,0001628280-23-010166,2025-03-18T10:04:50.000Z,0001193125-25-056086,-113251000,2025-03-25T20:49:29.000Z,0001628280-25-014752,10140000,10140000,10140000,true,false,issuer-identified-restatement,matched,matched,https://www.sec.gov/Archives/edgar/data/1836981/000162828023010166/bbai-20221231.htm,https://www.sec.gov/Archives/edgar/data/1836981/000119312525056086/d925610d8k.htm,https://www.sec.gov/Archives/edgar/data/1836981/000162828025014752/bbai-20241231.htm
bbai-accession-level-pit-revision-ledger-2025-v1,a7e2d6b0bf868fbb853a6b9decff34bcbd6c61f4d3ea2f0e859c80803a399641,9,BBAI-RS-009,statement-of-operations,Income tax expense (benefit),us-gaap:IncomeTaxExpenseBenefit,USD,2022-01-01,2022-12-31,-1717000,2023-03-31T20:18:35.000Z,0001628280-23-010166,2025-03-18T10:04:50.000Z,0001193125-25-056086,-1884000,2025-03-25T20:49:29.000Z,0001628280-25-014752,-167000,-167000,167000,true,false,issuer-identified-restatement,matched,matched,https://www.sec.gov/Archives/edgar/data/1836981/000162828023010166/bbai-20221231.htm,https://www.sec.gov/Archives/edgar/data/1836981/000119312525056086/d925610d8k.htm,https://www.sec.gov/Archives/edgar/data/1836981/000162828025014752/bbai-20241231.htm
bbai-accession-level-pit-revision-ledger-2025-v1,a7e2d6b0bf868fbb853a6b9decff34bcbd6c61f4d3ea2f0e859c80803a399641,10,BBAI-RS-010,statement-of-operations,Interest expense,us-gaap:InterestExpenseDebt,USD,2022-01-01,2022-12-31,14436000,2023-03-31T20:18:35.000Z,0001628280-23-010166,2025-03-18T10:04:50.000Z,0001193125-25-056086,24092000,2025-03-25T20:49:29.000Z,0001628280-25-014752,9656000,9656000,9656000,true,false,issuer-identified-restatement,matched,matched,https://www.sec.gov/Archives/edgar/data/1836981/000162828023010166/bbai-20221231.htm,https://www.sec.gov/Archives/edgar/data/1836981/000119312525056086/d925610d8k.htm,https://www.sec.gov/Archives/edgar/data/1836981/000162828025014752/bbai-20241231.htm
bbai-accession-level-pit-revision-ledger-2025-v1,a7e2d6b0bf868fbb853a6b9decff34bcbd6c61f4d3ea2f0e859c80803a399641,11,BBAI-RS-011,statement-of-operations,Net loss,us-gaap:NetIncomeLoss,USD,2022-01-01,2022-12-31,-121674000,2023-03-31T20:18:35.000Z,0001628280-23-010166,2025-03-18T10:04:50.000Z,0001193125-25-056086,-111367000,2025-03-25T20:49:29.000Z,0001628280-25-014752,10307000,10307000,10307000,true,false,issuer-identified-restatement,matched,matched,https://www.sec.gov/Archives/edgar/data/1836981/000162828023010166/bbai-20221231.htm,https://www.sec.gov/Archives/edgar/data/1836981/000119312525056086/d925610d8k.htm,https://www.sec.gov/Archives/edgar/data/1836981/000162828025014752/bbai-20241231.htm
bbai-accession-level-pit-revision-ledger-2025-v1,a7e2d6b0bf868fbb853a6b9decff34bcbd6c61f4d3ea2f0e859c80803a399641,12,BBAI-RS-012,balance-sheet,Deferred tax liabilities,us-gaap:DeferredIncomeTaxLiabilitiesNet,USD,,2023-03-31,54000,2023-05-15T20:23:42.000Z,0001628280-23-018202,2025-03-18T10:04:50.000Z,0001193125-25-056086,667000,2025-03-25T20:49:29.000Z,0001628280-25-014752,613000,613000,613000,true,false,issuer-identified-restatement,matched,matched,https://www.sec.gov/Archives/edgar/data/1836981/000162828023018202/bbai-20230331.htm,https://www.sec.gov/Archives/edgar/data/1836981/000119312525056086/d925610d8k.htm,https://www.sec.gov/Archives/edgar/data/1836981/000162828025014752/bbai-20241231.htm
bbai-accession-level-pit-revision-ledger-2025-v1,a7e2d6b0bf868fbb853a6b9decff34bcbd6c61f4d3ea2f0e859c80803a399641,13,BBAI-RS-013,balance-sheet,Derivative liabilities,us-gaap:DerivativeLiabilitiesCurrent,USD,,2023-03-31,25469000,2023-05-15T20:23:42.000Z,0001628280-23-018202,2025-03-18T10:04:50.000Z,0001193125-25-056086,28469000,2025-03-25T20:49:29.000Z,0001628280-25-014752,3000000,3000000,3000000,true,false,issuer-identified-restatement,matched,matched,https://www.sec.gov/Archives/edgar/data/1836981/000162828023018202/bbai-20230331.htm,https://www.sec.gov/Archives/edgar/data/1836981/000119312525056086/d925610d8k.htm,https://www.sec.gov/Archives/edgar/data/1836981/000162828025014752/bbai-20241231.htm
bbai-accession-level-pit-revision-ledger-2025-v1,a7e2d6b0bf868fbb853a6b9decff34bcbd6c61f4d3ea2f0e859c80803a399641,14,BBAI-RS-014,balance-sheet,Total liabilities,us-gaap:Liabilities,USD,,2023-03-31,258604000,2023-05-15T20:23:42.000Z,0001628280-23-018202,2025-03-18T10:04:50.000Z,0001193125-25-056086,215950000,2025-03-25T20:49:29.000Z,0001628280-25-014752,-42654000,-42654000,42654000,true,false,issuer-identified-restatement,matched,matched,https://www.sec.gov/Archives/edgar/data/1836981/000162828023018202/bbai-20230331.htm,https://www.sec.gov/Archives/edgar/data/1836981/000119312525056086/d925610d8k.htm,https://www.sec.gov/Archives/edgar/data/1836981/000162828025014752/bbai-20241231.htm
bbai-accession-level-pit-revision-ledger-2025-v1,a7e2d6b0bf868fbb853a6b9decff34bcbd6c61f4d3ea2f0e859c80803a399641,15,BBAI-RS-015,balance-sheet,Total current liabilities,us-gaap:LiabilitiesCurrent,USD,,2023-03-31,60837000,2023-05-15T20:23:42.000Z,0001628280-23-018202,2025-03-18T10:04:50.000Z,0001193125-25-056086,63837000,2025-03-25T20:49:29.000Z,0001628280-25-014752,3000000,3000000,3000000,true,false,issuer-identified-restatement,matched,matched,https://www.sec.gov/Archives/edgar/data/1836981/000162828023018202/bbai-20230331.htm,https://www.sec.gov/Archives/edgar/data/1836981/000119312525056086/d925610d8k.htm,https://www.sec.gov/Archives/edgar/data/1836981/000162828025014752/bbai-20241231.htm
bbai-accession-level-pit-revision-ledger-2025-v1,a7e2d6b0bf868fbb853a6b9decff34bcbd6c61f4d3ea2f0e859c80803a399641,16,BBAI-RS-016,balance-sheet,Long-term debt,us-gaap:LongTermDebtNoncurrent,USD,,2023-03-31,192807000,2023-05-15T20:23:42.000Z,0001628280-23-018202,2025-03-18T10:04:50.000Z,0001193125-25-056086,146540000,2025-03-25T20:49:29.000Z,0001628280-25-014752,-46267000,-46267000,46267000,true,false,issuer-identified-restatement,matched,matched,https://www.sec.gov/Archives/edgar/data/1836981/000162828023018202/bbai-20230331.htm,https://www.sec.gov/Archives/edgar/data/1836981/000119312525056086/d925610d8k.htm,https://www.sec.gov/Archives/edgar/data/1836981/000162828025014752/bbai-20241231.htm
bbai-accession-level-pit-revision-ledger-2025-v1,a7e2d6b0bf868fbb853a6b9decff34bcbd6c61f4d3ea2f0e859c80803a399641,17,BBAI-RS-017,balance-sheet,Accumulated deficit,us-gaap:RetainedEarningsAccumulatedDeficit,USD,,2023-03-31,-279278000,2023-05-15T20:23:42.000Z,0001628280-23-018202,2025-03-18T10:04:50.000Z,0001193125-25-056086,-236624000,2025-03-25T20:49:29.000Z,0001628280-25-014752,42654000,42654000,42654000,true,false,issuer-identified-restatement,matched,matched,https://www.sec.gov/Archives/edgar/data/1836981/000162828023018202/bbai-20230331.htm,https://www.sec.gov/Archives/edgar/data/1836981/000119312525056086/d925610d8k.htm,https://www.sec.gov/Archives/edgar/data/1836981/000162828025014752/bbai-20241231.htm
bbai-accession-level-pit-revision-ledger-2025-v1,a7e2d6b0bf868fbb853a6b9decff34bcbd6c61f4d3ea2f0e859c80803a399641,18,BBAI-RS-018,balance-sheet,Total stockholders' equity (deficit),us-gaap:StockholdersEquity,USD,,2023-03-31,-54039000,2023-05-15T20:23:42.000Z,0001628280-23-018202,2025-03-18T10:04:50.000Z,0001193125-25-056086,-11385000,2025-03-25T20:49:29.000Z,0001628280-25-014752,42654000,42654000,42654000,true,false,issuer-identified-restatement,matched,matched,https://www.sec.gov/Archives/edgar/data/1836981/000162828023018202/bbai-20230331.htm,https://www.sec.gov/Archives/edgar/data/1836981/000119312525056086/d925610d8k.htm,https://www.sec.gov/Archives/edgar/data/1836981/000162828025014752/bbai-20241231.htm
bbai-accession-level-pit-revision-ledger-2025-v1,a7e2d6b0bf868fbb853a6b9decff34bcbd6c61f4d3ea2f0e859c80803a399641,19,BBAI-RS-019,statement-of-cash-flows,Net increase (decrease) in fair value of derivatives,bbai:FairValueAdjustmentsOfWarrantsAndDerivatives,USD,2023-01-01,2023-03-31,10567000,2023-05-15T20:23:42.000Z,0001628280-23-018202,2025-03-18T10:04:50.000Z,0001193125-25-056086,13012000,2025-03-25T20:49:29.000Z,0001628280-25-014752,2445000,2445000,2445000,true,false,issuer-identified-restatement,custom-taxonomy-not-returned,custom-taxonomy-not-returned,https://www.sec.gov/Archives/edgar/data/1836981/000162828023018202/bbai-20230331.htm,https://www.sec.gov/Archives/edgar/data/1836981/000119312525056086/d925610d8k.htm,https://www.sec.gov/Archives/edgar/data/1836981/000162828025014752/bbai-20241231.htm
bbai-accession-level-pit-revision-ledger-2025-v1,a7e2d6b0bf868fbb853a6b9decff34bcbd6c61f4d3ea2f0e859c80803a399641,20,BBAI-RS-020,statement-of-cash-flows,Amortization of debt issuance costs and discount,us-gaap:AmortizationOfFinancingCosts,USD,2023-01-01,2023-03-31,500000,2023-05-15T20:23:42.000Z,0001628280-23-018202,2025-03-18T10:04:50.000Z,0001193125-25-056086,3028000,2025-03-25T20:49:29.000Z,0001628280-25-014752,2528000,2528000,2528000,true,false,issuer-identified-restatement,matched,matched,https://www.sec.gov/Archives/edgar/data/1836981/000162828023018202/bbai-20230331.htm,https://www.sec.gov/Archives/edgar/data/1836981/000119312525056086/d925610d8k.htm,https://www.sec.gov/Archives/edgar/data/1836981/000162828025014752/bbai-20241231.htm
bbai-accession-level-pit-revision-ledger-2025-v1,a7e2d6b0bf868fbb853a6b9decff34bcbd6c61f4d3ea2f0e859c80803a399641,21,BBAI-RS-021,statement-of-cash-flows,Net loss,us-gaap:NetIncomeLoss,USD,2023-01-01,2023-03-31,-26214000,2023-05-15T20:23:42.000Z,0001628280-23-018202,2025-03-18T10:04:50.000Z,0001193125-25-056086,-31187000,2025-03-25T20:49:29.000Z,0001628280-25-014752,-4973000,-4973000,4973000,true,false,issuer-identified-restatement,matched,matched,https://www.sec.gov/Archives/edgar/data/1836981/000162828023018202/bbai-20230331.htm,https://www.sec.gov/Archives/edgar/data/1836981/000119312525056086/d925610d8k.htm,https://www.sec.gov/Archives/edgar/data/1836981/000162828025014752/bbai-20241231.htm
bbai-accession-level-pit-revision-ledger-2025-v1,a7e2d6b0bf868fbb853a6b9decff34bcbd6c61f4d3ea2f0e859c80803a399641,22,BBAI-RS-022,statement-of-operations,Total comprehensive loss,us-gaap:ComprehensiveIncomeNetOfTax,USD,2023-01-01,2023-03-31,-26214000,2023-05-15T20:23:42.000Z,0001628280-23-018202,2025-03-18T10:04:50.000Z,0001193125-25-056086,-31187000,2025-03-25T20:49:29.000Z,0001628280-25-014752,-4973000,-4973000,4973000,true,false,issuer-identified-restatement,prior-accession-cell-not-returned,matched,https://www.sec.gov/Archives/edgar/data/1836981/000162828023018202/bbai-20230331.htm,https://www.sec.gov/Archives/edgar/data/1836981/000119312525056086/d925610d8k.htm,https://www.sec.gov/Archives/edgar/data/1836981/000162828025014752/bbai-20241231.htm
bbai-accession-level-pit-revision-ledger-2025-v1,a7e2d6b0bf868fbb853a6b9decff34bcbd6c61f4d3ea2f0e859c80803a399641,23,BBAI-RS-023,statement-of-operations,Basic and diluted net loss per share,us-gaap:EarningsPerShareBasic,USD/share,2023-01-01,2023-03-31,-0.19,2023-05-15T20:23:42.000Z,0001628280-23-018202,2025-03-18T10:04:50.000Z,0001193125-25-056086,-0.23,2025-03-25T20:49:29.000Z,0001628280-25-014752,-0.04,-0.04000000000000001,0.04000000000000001,true,false,issuer-identified-restatement,matched,matched,https://www.sec.gov/Archives/edgar/data/1836981/000162828023018202/bbai-20230331.htm,https://www.sec.gov/Archives/edgar/data/1836981/000119312525056086/d925610d8k.htm,https://www.sec.gov/Archives/edgar/data/1836981/000162828025014752/bbai-20241231.htm
bbai-accession-level-pit-revision-ledger-2025-v1,a7e2d6b0bf868fbb853a6b9decff34bcbd6c61f4d3ea2f0e859c80803a399641,24,BBAI-RS-024,statement-of-operations,Basic and diluted net loss per share,us-gaap:EarningsPerShareDiluted,USD/share,2023-01-01,2023-03-31,-0.19,2023-05-15T20:23:42.000Z,0001628280-23-018202,2025-03-18T10:04:50.000Z,0001193125-25-056086,-0.23,2025-03-25T20:49:29.000Z,0001628280-25-014752,-0.04,-0.04000000000000001,0.04000000000000001,true,false,issuer-identified-restatement,matched,matched,https://www.sec.gov/Archives/edgar/data/1836981/000162828023018202/bbai-20230331.htm,https://www.sec.gov/Archives/edgar/data/1836981/000119312525056086/d925610d8k.htm,https://www.sec.gov/Archives/edgar/data/1836981/000162828025014752/bbai-20241231.htm
bbai-accession-level-pit-revision-ledger-2025-v1,a7e2d6b0bf868fbb853a6b9decff34bcbd6c61f4d3ea2f0e859c80803a399641,25,BBAI-RS-025,statement-of-operations,Net increase (decrease) in fair value of derivatives,us-gaap:GainLossOnDerivativeInstrumentsNetPretax,USD,2023-01-01,2023-03-31,-10567000,2023-05-15T20:23:42.000Z,0001628280-23-018202,2025-03-18T10:04:50.000Z,0001193125-25-056086,-13012000,2025-03-25T20:49:29.000Z,0001628280-25-014752,-2445000,-2445000,2445000,true,false,issuer-identified-restatement,matched,matched,https://www.sec.gov/Archives/edgar/data/1836981/000162828023018202/bbai-20230331.htm,https://www.sec.gov/Archives/edgar/data/1836981/000119312525056086/d925610d8k.htm,https://www.sec.gov/Archives/edgar/data/1836981/000162828025014752/bbai-20241231.htm
bbai-accession-level-pit-revision-ledger-2025-v1,a7e2d6b0bf868fbb853a6b9decff34bcbd6c61f4d3ea2f0e859c80803a399641,26,BBAI-RS-026,statement-of-operations,Loss before taxes,us-gaap:IncomeLossFromContinuingOperationsBeforeIncomeTaxesExtraordinaryItemsNoncontrollingInterest,USD,2023-01-01,2023-03-31,-26155000,2023-05-15T20:23:42.000Z,0001628280-23-018202,2025-03-18T10:04:50.000Z,0001193125-25-056086,-31128000,2025-03-25T20:49:29.000Z,0001628280-25-014752,-4973000,-4973000,4973000,true,false,issuer-identified-restatement,matched,matched,https://www.sec.gov/Archives/edgar/data/1836981/000162828023018202/bbai-20230331.htm,https://www.sec.gov/Archives/edgar/data/1836981/000119312525056086/d925610d8k.htm,https://www.sec.gov/Archives/edgar/data/1836981/000162828025014752/bbai-20241231.htm
bbai-accession-level-pit-revision-ledger-2025-v1,a7e2d6b0bf868fbb853a6b9decff34bcbd6c61f4d3ea2f0e859c80803a399641,27,BBAI-RS-027,statement-of-operations,Interest expense,us-gaap:InterestExpenseDebt,USD,2023-01-01,2023-03-31,3556000,2023-05-15T20:23:42.000Z,0001628280-23-018202,2025-03-18T10:04:50.000Z,0001193125-25-056086,6084000,2025-03-25T20:49:29.000Z,0001628280-25-014752,2528000,2528000,2528000,true,false,issuer-identified-restatement,matched,matched,https://www.sec.gov/Archives/edgar/data/1836981/000162828023018202/bbai-20230331.htm,https://www.sec.gov/Archives/edgar/data/1836981/000119312525056086/d925610d8k.htm,https://www.sec.gov/Archives/edgar/data/1836981/000162828025014752/bbai-20241231.htm
bbai-accession-level-pit-revision-ledger-2025-v1,a7e2d6b0bf868fbb853a6b9decff34bcbd6c61f4d3ea2f0e859c80803a399641,28,BBAI-RS-028,statement-of-operations,Net loss,us-gaap:NetIncomeLoss,USD,2023-01-01,2023-03-31,-26214000,2023-05-15T20:23:42.000Z,0001628280-23-018202,2025-03-18T10:04:50.000Z,0001193125-25-056086,-31187000,2025-03-25T20:49:29.000Z,0001628280-25-014752,-4973000,-4973000,4973000,true,false,issuer-identified-restatement,matched,matched,https://www.sec.gov/Archives/edgar/data/1836981/000162828023018202/bbai-20230331.htm,https://www.sec.gov/Archives/edgar/data/1836981/000119312525056086/d925610d8k.htm,https://www.sec.gov/Archives/edgar/data/1836981/000162828025014752/bbai-20241231.htm
bbai-accession-level-pit-revision-ledger-2025-v1,a7e2d6b0bf868fbb853a6b9decff34bcbd6c61f4d3ea2f0e859c80803a399641,29,BBAI-RS-029,balance-sheet,Deferred tax liabilities,us-gaap:DeferredIncomeTaxLiabilitiesNet,USD,,2023-06-30,2000,2023-08-10T20:20:21.000Z,0001628280-23-028870,2025-03-18T10:04:50.000Z,0001193125-25-056086,615000,2025-03-25T20:49:29.000Z,0001628280-25-014752,613000,613000,613000,true,false,issuer-identified-restatement,matched,matched,https://www.sec.gov/Archives/edgar/data/1836981/000162828023028870/bbai-20230630.htm,https://www.sec.gov/Archives/edgar/data/1836981/000119312525056086/d925610d8k.htm,https://www.sec.gov/Archives/edgar/data/1836981/000162828025014752/bbai-20241231.htm
bbai-accession-level-pit-revision-ledger-2025-v1,a7e2d6b0bf868fbb853a6b9decff34bcbd6c61f4d3ea2f0e859c80803a399641,30,BBAI-RS-030,balance-sheet,Derivative liabilities,us-gaap:DerivativeLiabilitiesCurrent,USD,,2023-06-30,44126000,2023-08-10T20:20:21.000Z,0001628280-23-028870,2025-03-18T10:04:50.000Z,0001193125-25-056086,46435000,2025-03-25T20:49:29.000Z,0001628280-25-014752,2309000,2309000,2309000,true,false,issuer-identified-restatement,matched,matched,https://www.sec.gov/Archives/edgar/data/1836981/000162828023028870/bbai-20230630.htm,https://www.sec.gov/Archives/edgar/data/1836981/000119312525056086/d925610d8k.htm,https://www.sec.gov/Archives/edgar/data/1836981/000162828025014752/bbai-20241231.htm
bbai-accession-level-pit-revision-ledger-2025-v1,a7e2d6b0bf868fbb853a6b9decff34bcbd6c61f4d3ea2f0e859c80803a399641,31,BBAI-RS-031,balance-sheet,Total liabilities,us-gaap:Liabilities,USD,,2023-06-30,269793000,2023-08-10T20:20:21.000Z,0001628280-23-028870,2025-03-18T10:04:50.000Z,0001193125-25-056086,229074000,2025-03-25T20:49:29.000Z,0001628280-25-014752,-40719000,-40719000,40719000,true,false,issuer-identified-restatement,matched,matched,https://www.sec.gov/Archives/edgar/data/1836981/000162828023028870/bbai-20230630.htm,https://www.sec.gov/Archives/edgar/data/1836981/000119312525056086/d925610d8k.htm,https://www.sec.gov/Archives/edgar/data/1836981/000162828025014752/bbai-20241231.htm
bbai-accession-level-pit-revision-ledger-2025-v1,a7e2d6b0bf868fbb853a6b9decff34bcbd6c61f4d3ea2f0e859c80803a399641,32,BBAI-RS-032,balance-sheet,Total current liabilities,us-gaap:LiabilitiesCurrent,USD,,2023-06-30,71781000,2023-08-10T20:20:21.000Z,0001628280-23-028870,2025-03-18T10:04:50.000Z,0001193125-25-056086,74090000,2025-03-25T20:49:29.000Z,0001628280-25-014752,2309000,2309000,2309000,true,false,issuer-identified-restatement,matched,matched,https://www.sec.gov/Archives/edgar/data/1836981/000162828023028870/bbai-20230630.htm,https://www.sec.gov/Archives/edgar/data/1836981/000119312525056086/d925610d8k.htm,https://www.sec.gov/Archives/edgar/data/1836981/000162828025014752/bbai-20241231.htm
bbai-accession-level-pit-revision-ledger-2025-v1,a7e2d6b0bf868fbb853a6b9decff34bcbd6c61f4d3ea2f0e859c80803a399641,33,BBAI-RS-033,balance-sheet,Long-term debt,us-gaap:LongTermDebtNoncurrent,USD,,2023-06-30,193296000,2023-08-10T20:20:21.000Z,0001628280-23-028870,2025-03-18T10:04:50.000Z,0001193125-25-056086,149655000,2025-03-25T20:49:29.000Z,0001628280-25-014752,-43641000,-43641000,43641000,true,false,issuer-identified-restatement,matched,matched,https://www.sec.gov/Archives/edgar/data/1836981/000162828023028870/bbai-20230630.htm,https://www.sec.gov/Archives/edgar/data/1836981/000119312525056086/d925610d8k.htm,https://www.sec.gov/Archives/edgar/data/1836981/000162828025014752/bbai-20241231.htm
bbai-accession-level-pit-revision-ledger-2025-v1,a7e2d6b0bf868fbb853a6b9decff34bcbd6c61f4d3ea2f0e859c80803a399641,34,BBAI-RS-034,balance-sheet,Accumulated deficit,us-gaap:RetainedEarningsAccumulatedDeficit,USD,,2023-06-30,-296173000,2023-08-10T20:20:21.000Z,0001628280-23-028870,2025-03-18T10:04:50.000Z,0001193125-25-056086,-255454000,2025-03-25T20:49:29.000Z,0001628280-25-014752,40719000,40719000,40719000,true,false,issuer-identified-restatement,matched,matched,https://www.sec.gov/Archives/edgar/data/1836981/000162828023028870/bbai-20230630.htm,https://www.sec.gov/Archives/edgar/data/1836981/000119312525056086/d925610d8k.htm,https://www.sec.gov/Archives/edgar/data/1836981/000162828025014752/bbai-20241231.htm
bbai-accession-level-pit-revision-ledger-2025-v1,a7e2d6b0bf868fbb853a6b9decff34bcbd6c61f4d3ea2f0e859c80803a399641,35,BBAI-RS-035,balance-sheet,Total stockholders' equity (deficit),us-gaap:StockholdersEquity,USD,,2023-06-30,-61573000,2023-08-10T20:20:21.000Z,0001628280-23-028870,2025-03-18T10:04:50.000Z,0001193125-25-056086,-20854000,2025-03-25T20:49:29.000Z,0001628280-25-014752,40719000,40719000,40719000,true,false,issuer-identified-restatement,matched,matched,https://www.sec.gov/Archives/edgar/data/1836981/000162828023028870/bbai-20230630.htm,https://www.sec.gov/Archives/edgar/data/1836981/000119312525056086/d925610d8k.htm,https://www.sec.gov/Archives/edgar/data/1836981/000162828025014752/bbai-20241231.htm
bbai-accession-level-pit-revision-ledger-2025-v1,a7e2d6b0bf868fbb853a6b9decff34bcbd6c61f4d3ea2f0e859c80803a399641,36,BBAI-RS-036,statement-of-cash-flows,Net increase (decrease) in fair value of derivatives,bbai:FairValueAdjustmentsOfWarrantsAndDerivatives,USD,2023-01-01,2023-06-30,13688000,2023-08-10T20:20:21.000Z,0001628280-23-028870,2025-03-18T10:04:50.000Z,0001193125-25-056086,15442000,2025-03-25T20:49:29.000Z,0001628280-25-014752,1754000,1754000,1754000,true,false,issuer-identified-restatement,custom-taxonomy-not-returned,custom-taxonomy-not-returned,https://www.sec.gov/Archives/edgar/data/1836981/000162828023028870/bbai-20230630.htm,https://www.sec.gov/Archives/edgar/data/1836981/000119312525056086/d925610d8k.htm,https://www.sec.gov/Archives/edgar/data/1836981/000162828025014752/bbai-20241231.htm
bbai-accession-level-pit-revision-ledger-2025-v1,a7e2d6b0bf868fbb853a6b9decff34bcbd6c61f4d3ea2f0e859c80803a399641,37,BBAI-RS-037,statement-of-cash-flows,Amortization of debt issuance costs and discount,us-gaap:AmortizationOfFinancingCosts,USD,2023-01-01,2023-06-30,1006000,2023-08-10T20:20:21.000Z,0001628280-23-028870,2025-03-18T10:04:50.000Z,0001193125-25-056086,6160000,2025-03-25T20:49:29.000Z,0001628280-25-014752,5154000,5154000,5154000,true,false,issuer-identified-restatement,matched,matched,https://www.sec.gov/Archives/edgar/data/1836981/000162828023028870/bbai-20230630.htm,https://www.sec.gov/Archives/edgar/data/1836981/000119312525056086/d925610d8k.htm,https://www.sec.gov/Archives/edgar/data/1836981/000162828025014752/bbai-20241231.htm
bbai-accession-level-pit-revision-ledger-2025-v1,a7e2d6b0bf868fbb853a6b9decff34bcbd6c61f4d3ea2f0e859c80803a399641,38,BBAI-RS-038,statement-of-cash-flows,Net loss,us-gaap:NetIncomeLoss,USD,2023-01-01,2023-06-30,-43109000,2023-08-10T20:20:21.000Z,0001628280-23-028870,2025-03-18T10:04:50.000Z,0001193125-25-056086,-50017000,2025-03-25T20:49:29.000Z,0001628280-25-014752,-6908000,-6908000,6908000,true,false,issuer-identified-restatement,matched,matched,https://www.sec.gov/Archives/edgar/data/1836981/000162828023028870/bbai-20230630.htm,https://www.sec.gov/Archives/edgar/data/1836981/000119312525056086/d925610d8k.htm,https://www.sec.gov/Archives/edgar/data/1836981/000162828025014752/bbai-20241231.htm
bbai-accession-level-pit-revision-ledger-2025-v1,a7e2d6b0bf868fbb853a6b9decff34bcbd6c61f4d3ea2f0e859c80803a399641,39,BBAI-RS-039,statement-of-operations,Total comprehensive loss,us-gaap:ComprehensiveIncomeNetOfTax,USD,2023-01-01,2023-06-30,-43109000,2023-08-10T20:20:21.000Z,0001628280-23-028870,2025-03-18T10:04:50.000Z,0001193125-25-056086,-50017000,2025-03-25T20:49:29.000Z,0001628280-25-014752,-6908000,-6908000,6908000,true,false,issuer-identified-restatement,prior-accession-cell-not-returned,matched,https://www.sec.gov/Archives/edgar/data/1836981/000162828023028870/bbai-20230630.htm,https://www.sec.gov/Archives/edgar/data/1836981/000119312525056086/d925610d8k.htm,https://www.sec.gov/Archives/edgar/data/1836981/000162828025014752/bbai-20241231.htm
bbai-accession-level-pit-revision-ledger-2025-v1,a7e2d6b0bf868fbb853a6b9decff34bcbd6c61f4d3ea2f0e859c80803a399641,40,BBAI-RS-040,statement-of-operations,Basic and diluted net loss per share,us-gaap:EarningsPerShareBasic,USD/share,2023-01-01,2023-06-30,-0.3,2023-08-10T20:20:21.000Z,0001628280-23-028870,2025-03-18T10:04:50.000Z,0001193125-25-056086,-0.35,2025-03-25T20:49:29.000Z,0001628280-25-014752,-0.05,-0.04999999999999999,0.04999999999999999,true,false,issuer-identified-restatement,matched,matched,https://www.sec.gov/Archives/edgar/data/1836981/000162828023028870/bbai-20230630.htm,https://www.sec.gov/Archives/edgar/data/1836981/000119312525056086/d925610d8k.htm,https://www.sec.gov/Archives/edgar/data/1836981/000162828025014752/bbai-20241231.htm
bbai-accession-level-pit-revision-ledger-2025-v1,a7e2d6b0bf868fbb853a6b9decff34bcbd6c61f4d3ea2f0e859c80803a399641,41,BBAI-RS-041,statement-of-operations,Basic and diluted net loss per share,us-gaap:EarningsPerShareDiluted,USD/share,2023-01-01,2023-06-30,-0.3,2023-08-10T20:20:21.000Z,0001628280-23-028870,2025-03-18T10:04:50.000Z,0001193125-25-056086,-0.35,2025-03-25T20:49:29.000Z,0001628280-25-014752,-0.05,-0.04999999999999999,0.04999999999999999,true,false,issuer-identified-restatement,matched,matched,https://www.sec.gov/Archives/edgar/data/1836981/000162828023028870/bbai-20230630.htm,https://www.sec.gov/Archives/edgar/data/1836981/000119312525056086/d925610d8k.htm,https://www.sec.gov/Archives/edgar/data/1836981/000162828025014752/bbai-20241231.htm
bbai-accession-level-pit-revision-ledger-2025-v1,a7e2d6b0bf868fbb853a6b9decff34bcbd6c61f4d3ea2f0e859c80803a399641,42,BBAI-RS-042,statement-of-operations,Net increase (decrease) in fair value of derivatives,us-gaap:GainLossOnDerivativeInstrumentsNetPretax,USD,2023-01-01,2023-06-30,-13688000,2023-08-10T20:20:21.000Z,0001628280-23-028870,2025-03-18T10:04:50.000Z,0001193125-25-056086,-15442000,2025-03-25T20:49:29.000Z,0001628280-25-014752,-1754000,-1754000,1754000,true,false,issuer-identified-restatement,matched,matched,https://www.sec.gov/Archives/edgar/data/1836981/000162828023028870/bbai-20230630.htm,https://www.sec.gov/Archives/edgar/data/1836981/000119312525056086/d925610d8k.htm,https://www.sec.gov/Archives/edgar/data/1836981/000162828025014752/bbai-20241231.htm
bbai-accession-level-pit-revision-ledger-2025-v1,a7e2d6b0bf868fbb853a6b9decff34bcbd6c61f4d3ea2f0e859c80803a399641,43,BBAI-RS-043,statement-of-operations,Loss before taxes,us-gaap:IncomeLossFromContinuingOperationsBeforeIncomeTaxesExtraordinaryItemsNoncontrollingInterest,USD,2023-01-01,2023-06-30,-43053000,2023-08-10T20:20:21.000Z,0001628280-23-028870,2025-03-18T10:04:50.000Z,0001193125-25-056086,-49961000,2025-03-25T20:49:29.000Z,0001628280-25-014752,-6908000,-6908000,6908000,true,false,issuer-identified-restatement,matched,matched,https://www.sec.gov/Archives/edgar/data/1836981/000162828023028870/bbai-20230630.htm,https://www.sec.gov/Archives/edgar/data/1836981/000119312525056086/d925610d8k.htm,https://www.sec.gov/Archives/edgar/data/1836981/000162828025014752/bbai-20241231.htm
bbai-accession-level-pit-revision-ledger-2025-v1,a7e2d6b0bf868fbb853a6b9decff34bcbd6c61f4d3ea2f0e859c80803a399641,44,BBAI-RS-044,statement-of-operations,Interest expense,us-gaap:InterestExpenseDebt,USD,2023-01-01,2023-06-30,7116000,2023-08-10T20:20:21.000Z,0001628280-23-028870,2025-03-18T10:04:50.000Z,0001193125-25-056086,12270000,2025-03-25T20:49:29.000Z,0001628280-25-014752,5154000,5154000,5154000,true,false,issuer-identified-restatement,matched,matched,https://www.sec.gov/Archives/edgar/data/1836981/000162828023028870/bbai-20230630.htm,https://www.sec.gov/Archives/edgar/data/1836981/000119312525056086/d925610d8k.htm,https://www.sec.gov/Archives/edgar/data/1836981/000162828025014752/bbai-20241231.htm
bbai-accession-level-pit-revision-ledger-2025-v1,a7e2d6b0bf868fbb853a6b9decff34bcbd6c61f4d3ea2f0e859c80803a399641,45,BBAI-RS-045,statement-of-operations,Net loss,us-gaap:NetIncomeLoss,USD,2023-01-01,2023-06-30,-43109000,2023-08-10T20:20:21.000Z,0001628280-23-028870,2025-03-18T10:04:50.000Z,0001193125-25-056086,-50017000,2025-03-25T20:49:29.000Z,0001628280-25-014752,-6908000,-6908000,6908000,true,false,issuer-identified-restatement,matched,matched,https://www.sec.gov/Archives/edgar/data/1836981/000162828023028870/bbai-20230630.htm,https://www.sec.gov/Archives/edgar/data/1836981/000119312525056086/d925610d8k.htm,https://www.sec.gov/Archives/edgar/data/1836981/000162828025014752/bbai-20241231.htm
bbai-accession-level-pit-revision-ledger-2025-v1,a7e2d6b0bf868fbb853a6b9decff34bcbd6c61f4d3ea2f0e859c80803a399641,46,BBAI-RS-046,statement-of-operations,Total comprehensive loss,us-gaap:ComprehensiveIncomeNetOfTax,USD,2023-04-01,2023-06-30,-16895000,2023-08-10T20:20:21.000Z,0001628280-23-028870,2025-03-18T10:04:50.000Z,0001193125-25-056086,-18830000,2025-03-25T20:49:29.000Z,0001628280-25-014752,-1935000,-1935000,1935000,true,false,issuer-identified-restatement,prior-accession-cell-not-returned,matched,https://www.sec.gov/Archives/edgar/data/1836981/000162828023028870/bbai-20230630.htm,https://www.sec.gov/Archives/edgar/data/1836981/000119312525056086/d925610d8k.htm,https://www.sec.gov/Archives/edgar/data/1836981/000162828025014752/bbai-20241231.htm
bbai-accession-level-pit-revision-ledger-2025-v1,a7e2d6b0bf868fbb853a6b9decff34bcbd6c61f4d3ea2f0e859c80803a399641,47,BBAI-RS-047,statement-of-operations,Basic and diluted net loss per share,us-gaap:EarningsPerShareBasic,USD/share,2023-04-01,2023-06-30,-0.12,2023-08-10T20:20:21.000Z,0001628280-23-028870,2025-03-18T10:04:50.000Z,0001193125-25-056086,-0.13,2025-03-25T20:49:29.000Z,0001628280-25-014752,-0.01,-0.010000000000000009,0.010000000000000009,true,false,issuer-identified-restatement,matched,matched,https://www.sec.gov/Archives/edgar/data/1836981/000162828023028870/bbai-20230630.htm,https://www.sec.gov/Archives/edgar/data/1836981/000119312525056086/d925610d8k.htm,https://www.sec.gov/Archives/edgar/data/1836981/000162828025014752/bbai-20241231.htm
bbai-accession-level-pit-revision-ledger-2025-v1,a7e2d6b0bf868fbb853a6b9decff34bcbd6c61f4d3ea2f0e859c80803a399641,48,BBAI-RS-048,statement-of-operations,Basic and diluted net loss per share,us-gaap:EarningsPerShareDiluted,USD/share,2023-04-01,2023-06-30,-0.12,2023-08-10T20:20:21.000Z,0001628280-23-028870,2025-03-18T10:04:50.000Z,0001193125-25-056086,-0.13,2025-03-25T20:49:29.000Z,0001628280-25-014752,-0.01,-0.010000000000000009,0.010000000000000009,true,false,issuer-identified-restatement,matched,matched,https://www.sec.gov/Archives/edgar/data/1836981/000162828023028870/bbai-20230630.htm,https://www.sec.gov/Archives/edgar/data/1836981/000119312525056086/d925610d8k.htm,https://www.sec.gov/Archives/edgar/data/1836981/000162828025014752/bbai-20241231.htm
bbai-accession-level-pit-revision-ledger-2025-v1,a7e2d6b0bf868fbb853a6b9decff34bcbd6c61f4d3ea2f0e859c80803a399641,49,BBAI-RS-049,statement-of-operations,Net increase (decrease) in fair value of derivatives,us-gaap:GainLossOnDerivativeInstrumentsNetPretax,USD,2023-04-01,2023-06-30,-3121000,2023-08-10T20:20:21.000Z,0001628280-23-028870,2025-03-18T10:04:50.000Z,0001193125-25-056086,-2430000,2025-03-25T20:49:29.000Z,0001628280-25-014752,691000,691000,691000,true,false,issuer-identified-restatement,matched,matched,https://www.sec.gov/Archives/edgar/data/1836981/000162828023028870/bbai-20230630.htm,https://www.sec.gov/Archives/edgar/data/1836981/000119312525056086/d925610d8k.htm,https://www.sec.gov/Archives/edgar/data/1836981/000162828025014752/bbai-20241231.htm
bbai-accession-level-pit-revision-ledger-2025-v1,a7e2d6b0bf868fbb853a6b9decff34bcbd6c61f4d3ea2f0e859c80803a399641,50,BBAI-RS-050,statement-of-operations,Loss before taxes,us-gaap:IncomeLossFromContinuingOperationsBeforeIncomeTaxesExtraordinaryItemsNoncontrollingInterest,USD,2023-04-01,2023-06-30,-16898000,2023-08-10T20:20:21.000Z,0001628280-23-028870,2025-03-18T10:04:50.000Z,0001193125-25-056086,-18833000,2025-03-25T20:49:29.000Z,0001628280-25-014752,-1935000,-1935000,1935000,true,false,issuer-identified-restatement,matched,matched,https://www.sec.gov/Archives/edgar/data/1836981/000162828023028870/bbai-20230630.htm,https://www.sec.gov/Archives/edgar/data/1836981/000119312525056086/d925610d8k.htm,https://www.sec.gov/Archives/edgar/data/1836981/000162828025014752/bbai-20241231.htm
bbai-accession-level-pit-revision-ledger-2025-v1,a7e2d6b0bf868fbb853a6b9decff34bcbd6c61f4d3ea2f0e859c80803a399641,51,BBAI-RS-051,statement-of-operations,Interest expense,us-gaap:InterestExpenseDebt,USD,2023-04-01,2023-06-30,3560000,2023-08-10T20:20:21.000Z,0001628280-23-028870,2025-03-18T10:04:50.000Z,0001193125-25-056086,6186000,2025-03-25T20:49:29.000Z,0001628280-25-014752,2626000,2626000,2626000,true,false,issuer-identified-restatement,matched,matched,https://www.sec.gov/Archives/edgar/data/1836981/000162828023028870/bbai-20230630.htm,https://www.sec.gov/Archives/edgar/data/1836981/000119312525056086/d925610d8k.htm,https://www.sec.gov/Archives/edgar/data/1836981/000162828025014752/bbai-20241231.htm
bbai-accession-level-pit-revision-ledger-2025-v1,a7e2d6b0bf868fbb853a6b9decff34bcbd6c61f4d3ea2f0e859c80803a399641,52,BBAI-RS-052,statement-of-operations,Net loss,us-gaap:NetIncomeLoss,USD,2023-04-01,2023-06-30,-16895000,2023-08-10T20:20:21.000Z,0001628280-23-028870,2025-03-18T10:04:50.000Z,0001193125-25-056086,-18830000,2025-03-25T20:49:29.000Z,0001628280-25-014752,-1935000,-1935000,1935000,true,false,issuer-identified-restatement,matched,matched,https://www.sec.gov/Archives/edgar/data/1836981/000162828023028870/bbai-20230630.htm,https://www.sec.gov/Archives/edgar/data/1836981/000119312525056086/d925610d8k.htm,https://www.sec.gov/Archives/edgar/data/1836981/000162828025014752/bbai-20241231.htm
bbai-accession-level-pit-revision-ledger-2025-v1,a7e2d6b0bf868fbb853a6b9decff34bcbd6c61f4d3ea2f0e859c80803a399641,53,BBAI-RS-053,balance-sheet,Deferred tax liabilities,us-gaap:DeferredIncomeTaxLiabilitiesNet,USD,,2023-09-30,2000,2023-11-09T21:53:36.000Z,0001628280-23-038308,2025-03-18T10:04:50.000Z,0001193125-25-056086,615000,2025-03-25T20:49:29.000Z,0001628280-25-014752,613000,613000,613000,true,false,issuer-identified-restatement,matched,matched,https://www.sec.gov/Archives/edgar/data/1836981/000162828023038308/bbai-20230930.htm,https://www.sec.gov/Archives/edgar/data/1836981/000119312525056086/d925610d8k.htm,https://www.sec.gov/Archives/edgar/data/1836981/000162828025014752/bbai-20241231.htm
bbai-accession-level-pit-revision-ledger-2025-v1,a7e2d6b0bf868fbb853a6b9decff34bcbd6c61f4d3ea2f0e859c80803a399641,54,BBAI-RS-054,balance-sheet,Derivative liabilities,us-gaap:DerivativeLiabilitiesCurrent,USD,,2023-09-30,28467000,2023-11-09T21:53:36.000Z,0001628280-23-038308,2025-03-18T10:04:50.000Z,0001193125-25-056086,29166000,2025-03-25T20:49:29.000Z,0001628280-25-014752,699000,699000,699000,true,false,issuer-identified-restatement,matched,matched,https://www.sec.gov/Archives/edgar/data/1836981/000162828023038308/bbai-20230930.htm,https://www.sec.gov/Archives/edgar/data/1836981/000119312525056086/d925610d8k.htm,https://www.sec.gov/Archives/edgar/data/1836981/000162828025014752/bbai-20241231.htm
bbai-accession-level-pit-revision-ledger-2025-v1,a7e2d6b0bf868fbb853a6b9decff34bcbd6c61f4d3ea2f0e859c80803a399641,55,BBAI-RS-055,balance-sheet,Total liabilities,us-gaap:Liabilities,USD,,2023-09-30,255300000,2023-11-09T21:53:36.000Z,0001628280-23-038308,2025-03-18T10:04:50.000Z,0001193125-25-056086,215698000,2025-03-25T20:49:29.000Z,0001628280-25-014752,-39602000,-39602000,39602000,true,false,issuer-identified-restatement,matched,matched,https://www.sec.gov/Archives/edgar/data/1836981/000162828023038308/bbai-20230930.htm,https://www.sec.gov/Archives/edgar/data/1836981/000119312525056086/d925610d8k.htm,https://www.sec.gov/Archives/edgar/data/1836981/000162828025014752/bbai-20241231.htm
bbai-accession-level-pit-revision-ledger-2025-v1,a7e2d6b0bf868fbb853a6b9decff34bcbd6c61f4d3ea2f0e859c80803a399641,56,BBAI-RS-056,balance-sheet,Total current liabilities,us-gaap:LiabilitiesCurrent,USD,,2023-09-30,56997000,2023-11-09T21:53:36.000Z,0001628280-23-038308,2025-03-18T10:04:50.000Z,0001193125-25-056086,57696000,2025-03-25T20:49:29.000Z,0001628280-25-014752,699000,699000,699000,true,false,issuer-identified-restatement,matched,matched,https://www.sec.gov/Archives/edgar/data/1836981/000162828023038308/bbai-20230930.htm,https://www.sec.gov/Archives/edgar/data/1836981/000119312525056086/d925610d8k.htm,https://www.sec.gov/Archives/edgar/data/1836981/000162828025014752/bbai-20241231.htm
bbai-accession-level-pit-revision-ledger-2025-v1,a7e2d6b0bf868fbb853a6b9decff34bcbd6c61f4d3ea2f0e859c80803a399641,57,BBAI-RS-057,balance-sheet,Long-term debt,us-gaap:LongTermDebtNoncurrent,USD,,2023-09-30,193784000,2023-11-09T21:53:36.000Z,0001628280-23-038308,2025-03-18T10:04:50.000Z,0001193125-25-056086,152870000,2025-03-25T20:49:29.000Z,0001628280-25-014752,-40914000,-40914000,40914000,true,false,issuer-identified-restatement,matched,matched,https://www.sec.gov/Archives/edgar/data/1836981/000162828023038308/bbai-20230930.htm,https://www.sec.gov/Archives/edgar/data/1836981/000119312525056086/d925610d8k.htm,https://www.sec.gov/Archives/edgar/data/1836981/000162828025014752/bbai-20241231.htm
bbai-accession-level-pit-revision-ledger-2025-v1,a7e2d6b0bf868fbb853a6b9decff34bcbd6c61f4d3ea2f0e859c80803a399641,58,BBAI-RS-058,balance-sheet,Accumulated deficit,us-gaap:RetainedEarningsAccumulatedDeficit,USD,,2023-09-30,-292174000,2023-11-09T21:53:36.000Z,0001628280-23-038308,2025-03-18T10:04:50.000Z,0001193125-25-056086,-252572000,2025-03-25T20:49:29.000Z,0001628280-25-014752,39602000,39602000,39602000,true,false,issuer-identified-restatement,matched,matched,https://www.sec.gov/Archives/edgar/data/1836981/000162828023038308/bbai-20230930.htm,https://www.sec.gov/Archives/edgar/data/1836981/000119312525056086/d925610d8k.htm,https://www.sec.gov/Archives/edgar/data/1836981/000162828025014752/bbai-20241231.htm
bbai-accession-level-pit-revision-ledger-2025-v1,a7e2d6b0bf868fbb853a6b9decff34bcbd6c61f4d3ea2f0e859c80803a399641,59,BBAI-RS-059,balance-sheet,Total stockholders' equity (deficit),us-gaap:StockholdersEquity,USD,,2023-09-30,-52289000,2023-11-09T21:53:36.000Z,0001628280-23-038308,2025-03-18T10:04:50.000Z,0001193125-25-056086,-12687000,2025-03-25T20:49:29.000Z,0001628280-25-014752,39602000,39602000,39602000,true,false,issuer-identified-restatement,matched,matched,https://www.sec.gov/Archives/edgar/data/1836981/000162828023038308/bbai-20230930.htm,https://www.sec.gov/Archives/edgar/data/1836981/000119312525056086/d925610d8k.htm,https://www.sec.gov/Archives/edgar/data/1836981/000162828025014752/bbai-20241231.htm
bbai-accession-level-pit-revision-ledger-2025-v1,a7e2d6b0bf868fbb853a6b9decff34bcbd6c61f4d3ea2f0e859c80803a399641,60,BBAI-RS-060,statement-of-cash-flows,Net increase (decrease) in fair value of derivatives,bbai:FairValueAdjustmentsOfWarrantsAndDerivatives,USD,2023-01-01,2023-09-30,-1971000,2023-11-09T21:53:36.000Z,0001628280-23-038308,2025-03-18T10:04:50.000Z,0001193125-25-056086,-1827000,2025-03-25T20:49:29.000Z,0001628280-25-014752,144000,144000,144000,true,false,issuer-identified-restatement,custom-taxonomy-not-returned,custom-taxonomy-not-returned,https://www.sec.gov/Archives/edgar/data/1836981/000162828023038308/bbai-20230930.htm,https://www.sec.gov/Archives/edgar/data/1836981/000119312525056086/d925610d8k.htm,https://www.sec.gov/Archives/edgar/data/1836981/000162828025014752/bbai-20241231.htm
bbai-accession-level-pit-revision-ledger-2025-v1,a7e2d6b0bf868fbb853a6b9decff34bcbd6c61f4d3ea2f0e859c80803a399641,61,BBAI-RS-061,statement-of-cash-flows,Amortization of debt issuance costs and discount,us-gaap:AmortizationOfFinancingCosts,USD,2023-01-01,2023-09-30,1512000,2023-11-09T21:53:36.000Z,0001628280-23-038308,2025-03-18T10:04:50.000Z,0001193125-25-056086,9393000,2025-03-25T20:49:29.000Z,0001628280-25-014752,7881000,7881000,7881000,true,false,issuer-identified-restatement,matched,matched,https://www.sec.gov/Archives/edgar/data/1836981/000162828023038308/bbai-20230930.htm,https://www.sec.gov/Archives/edgar/data/1836981/000119312525056086/d925610d8k.htm,https://www.sec.gov/Archives/edgar/data/1836981/000162828025014752/bbai-20241231.htm
bbai-accession-level-pit-revision-ledger-2025-v1,a7e2d6b0bf868fbb853a6b9decff34bcbd6c61f4d3ea2f0e859c80803a399641,62,BBAI-RS-062,statement-of-cash-flows,Net loss,us-gaap:NetIncomeLoss,USD,2023-01-01,2023-09-30,-39110000,2023-11-09T21:53:36.000Z,0001628280-23-038308,2025-03-18T10:04:50.000Z,0001193125-25-056086,-47135000,2025-03-25T20:49:29.000Z,0001628280-25-014752,-8025000,-8025000,8025000,true,false,issuer-identified-restatement,matched,matched,https://www.sec.gov/Archives/edgar/data/1836981/000162828023038308/bbai-20230930.htm,https://www.sec.gov/Archives/edgar/data/1836981/000119312525056086/d925610d8k.htm,https://www.sec.gov/Archives/edgar/data/1836981/000162828025014752/bbai-20241231.htm
bbai-accession-level-pit-revision-ledger-2025-v1,a7e2d6b0bf868fbb853a6b9decff34bcbd6c61f4d3ea2f0e859c80803a399641,63,BBAI-RS-063,statement-of-operations,Total comprehensive loss,us-gaap:ComprehensiveIncomeNetOfTax,USD,2023-01-01,2023-09-30,-39110000,2023-11-09T21:53:36.000Z,0001628280-23-038308,2025-03-18T10:04:50.000Z,0001193125-25-056086,-47135000,2025-03-25T20:49:29.000Z,0001628280-25-014752,-8025000,-8025000,8025000,true,false,issuer-identified-restatement,prior-accession-cell-not-returned,matched,https://www.sec.gov/Archives/edgar/data/1836981/000162828023038308/bbai-20230930.htm,https://www.sec.gov/Archives/edgar/data/1836981/000119312525056086/d925610d8k.htm,https://www.sec.gov/Archives/edgar/data/1836981/000162828025014752/bbai-20241231.htm
bbai-accession-level-pit-revision-ledger-2025-v1,a7e2d6b0bf868fbb853a6b9decff34bcbd6c61f4d3ea2f0e859c80803a399641,64,BBAI-RS-064,statement-of-operations,Basic and diluted net loss per share,us-gaap:EarningsPerShareBasic,USD/share,2023-01-01,2023-09-30,-0.27,2023-11-09T21:53:36.000Z,0001628280-23-038308,2025-03-18T10:04:50.000Z,0001193125-25-056086,-0.32,2025-03-25T20:49:29.000Z,0001628280-25-014752,-0.05,-0.04999999999999999,0.04999999999999999,true,false,issuer-identified-restatement,matched,matched,https://www.sec.gov/Archives/edgar/data/1836981/000162828023038308/bbai-20230930.htm,https://www.sec.gov/Archives/edgar/data/1836981/000119312525056086/d925610d8k.htm,https://www.sec.gov/Archives/edgar/data/1836981/000162828025014752/bbai-20241231.htm
bbai-accession-level-pit-revision-ledger-2025-v1,a7e2d6b0bf868fbb853a6b9decff34bcbd6c61f4d3ea2f0e859c80803a399641,65,BBAI-RS-065,statement-of-operations,Basic and diluted net loss per share,us-gaap:EarningsPerShareDiluted,USD/share,2023-01-01,2023-09-30,-0.27,2023-11-09T21:53:36.000Z,0001628280-23-038308,2025-03-18T10:04:50.000Z,0001193125-25-056086,-0.32,2025-03-25T20:49:29.000Z,0001628280-25-014752,-0.05,-0.04999999999999999,0.04999999999999999,true,false,issuer-identified-restatement,matched,matched,https://www.sec.gov/Archives/edgar/data/1836981/000162828023038308/bbai-20230930.htm,https://www.sec.gov/Archives/edgar/data/1836981/000119312525056086/d925610d8k.htm,https://www.sec.gov/Archives/edgar/data/1836981/000162828025014752/bbai-20241231.htm
bbai-accession-level-pit-revision-ledger-2025-v1,a7e2d6b0bf868fbb853a6b9decff34bcbd6c61f4d3ea2f0e859c80803a399641,66,BBAI-RS-066,statement-of-operations,Net increase (decrease) in fair value of derivatives,us-gaap:GainLossOnDerivativeInstrumentsNetPretax,USD,2023-01-01,2023-09-30,1971000,2023-11-09T21:53:36.000Z,0001628280-23-038308,2025-03-18T10:04:50.000Z,0001193125-25-056086,1827000,2025-03-25T20:49:29.000Z,0001628280-25-014752,-144000,-144000,144000,true,false,issuer-identified-restatement,matched,matched,https://www.sec.gov/Archives/edgar/data/1836981/000162828023038308/bbai-20230930.htm,https://www.sec.gov/Archives/edgar/data/1836981/000119312525056086/d925610d8k.htm,https://www.sec.gov/Archives/edgar/data/1836981/000162828025014752/bbai-20241231.htm
bbai-accession-level-pit-revision-ledger-2025-v1,a7e2d6b0bf868fbb853a6b9decff34bcbd6c61f4d3ea2f0e859c80803a399641,67,BBAI-RS-067,statement-of-operations,Loss before taxes,us-gaap:IncomeLossFromContinuingOperationsBeforeIncomeTaxesExtraordinaryItemsNoncontrollingInterest,USD,2023-01-01,2023-09-30,-39059000,2023-11-09T21:53:36.000Z,0001628280-23-038308,2025-03-18T10:04:50.000Z,0001193125-25-056086,-47084000,2025-03-25T20:49:29.000Z,0001628280-25-014752,-8025000,-8025000,8025000,true,false,issuer-identified-restatement,matched,matched,https://www.sec.gov/Archives/edgar/data/1836981/000162828023038308/bbai-20230930.htm,https://www.sec.gov/Archives/edgar/data/1836981/000119312525056086/d925610d8k.htm,https://www.sec.gov/Archives/edgar/data/1836981/000162828025014752/bbai-20241231.htm
bbai-accession-level-pit-revision-ledger-2025-v1,a7e2d6b0bf868fbb853a6b9decff34bcbd6c61f4d3ea2f0e859c80803a399641,68,BBAI-RS-068,statement-of-operations,Interest expense,us-gaap:InterestExpenseDebt,USD,2023-01-01,2023-09-30,10656000,2023-11-09T21:53:36.000Z,0001628280-23-038308,2025-03-18T10:04:50.000Z,0001193125-25-056086,18537000,2025-03-25T20:49:29.000Z,0001628280-25-014752,7881000,7881000,7881000,true,false,issuer-identified-restatement,matched,matched,https://www.sec.gov/Archives/edgar/data/1836981/000162828023038308/bbai-20230930.htm,https://www.sec.gov/Archives/edgar/data/1836981/000119312525056086/d925610d8k.htm,https://www.sec.gov/Archives/edgar/data/1836981/000162828025014752/bbai-20241231.htm
bbai-accession-level-pit-revision-ledger-2025-v1,a7e2d6b0bf868fbb853a6b9decff34bcbd6c61f4d3ea2f0e859c80803a399641,69,BBAI-RS-069,statement-of-operations,Net loss,us-gaap:NetIncomeLoss,USD,2023-01-01,2023-09-30,-39110000,2023-11-09T21:53:36.000Z,0001628280-23-038308,2025-03-18T10:04:50.000Z,0001193125-25-056086,-47135000,2025-03-25T20:49:29.000Z,0001628280-25-014752,-8025000,-8025000,8025000,true,false,issuer-identified-restatement,matched,matched,https://www.sec.gov/Archives/edgar/data/1836981/000162828023038308/bbai-20230930.htm,https://www.sec.gov/Archives/edgar/data/1836981/000119312525056086/d925610d8k.htm,https://www.sec.gov/Archives/edgar/data/1836981/000162828025014752/bbai-20241231.htm
bbai-accession-level-pit-revision-ledger-2025-v1,a7e2d6b0bf868fbb853a6b9decff34bcbd6c61f4d3ea2f0e859c80803a399641,70,BBAI-RS-070,statement-of-operations,Total comprehensive loss,us-gaap:ComprehensiveIncomeNetOfTax,USD,2023-07-01,2023-09-30,3999000,2023-11-09T21:53:36.000Z,0001628280-23-038308,2025-03-18T10:04:50.000Z,0001193125-25-056086,2882000,2025-03-25T20:49:29.000Z,0001628280-25-014752,-1117000,-1117000,1117000,true,false,issuer-identified-restatement,prior-accession-cell-not-returned,matched,https://www.sec.gov/Archives/edgar/data/1836981/000162828023038308/bbai-20230930.htm,https://www.sec.gov/Archives/edgar/data/1836981/000119312525056086/d925610d8k.htm,https://www.sec.gov/Archives/edgar/data/1836981/000162828025014752/bbai-20241231.htm
bbai-accession-level-pit-revision-ledger-2025-v1,a7e2d6b0bf868fbb853a6b9decff34bcbd6c61f4d3ea2f0e859c80803a399641,71,BBAI-RS-071,statement-of-operations,Basic and diluted net loss per share,us-gaap:EarningsPerShareBasic,USD/share,2023-07-01,2023-09-30,0.03,2023-11-09T21:53:36.000Z,0001628280-23-038308,2025-03-18T10:04:50.000Z,0001193125-25-056086,0.02,2025-03-25T20:49:29.000Z,0001628280-25-014752,-0.01,-0.009999999999999998,0.009999999999999998,true,false,issuer-identified-restatement,matched,matched,https://www.sec.gov/Archives/edgar/data/1836981/000162828023038308/bbai-20230930.htm,https://www.sec.gov/Archives/edgar/data/1836981/000119312525056086/d925610d8k.htm,https://www.sec.gov/Archives/edgar/data/1836981/000162828025014752/bbai-20241231.htm
bbai-accession-level-pit-revision-ledger-2025-v1,a7e2d6b0bf868fbb853a6b9decff34bcbd6c61f4d3ea2f0e859c80803a399641,72,BBAI-RS-072,statement-of-operations,Basic and diluted net loss per share,us-gaap:EarningsPerShareDiluted,USD/share,2023-07-01,2023-09-30,0.03,2023-11-09T21:53:36.000Z,0001628280-23-038308,2025-03-18T10:04:50.000Z,0001193125-25-056086,0.02,2025-03-25T20:49:29.000Z,0001628280-25-014752,-0.01,-0.009999999999999998,0.009999999999999998,true,false,issuer-identified-restatement,matched,matched,https://www.sec.gov/Archives/edgar/data/1836981/000162828023038308/bbai-20230930.htm,https://www.sec.gov/Archives/edgar/data/1836981/000119312525056086/d925610d8k.htm,https://www.sec.gov/Archives/edgar/data/1836981/000162828025014752/bbai-20241231.htm
bbai-accession-level-pit-revision-ledger-2025-v1,a7e2d6b0bf868fbb853a6b9decff34bcbd6c61f4d3ea2f0e859c80803a399641,73,BBAI-RS-073,statement-of-operations,Net increase (decrease) in fair value of derivatives,us-gaap:GainLossOnDerivativeInstrumentsNetPretax,USD,2023-07-01,2023-09-30,15659000,2023-11-09T21:53:36.000Z,0001628280-23-038308,2025-03-18T10:04:50.000Z,0001193125-25-056086,17269000,2025-03-25T20:49:29.000Z,0001628280-25-014752,1610000,1610000,1610000,true,false,issuer-identified-restatement,matched,matched,https://www.sec.gov/Archives/edgar/data/1836981/000162828023038308/bbai-20230930.htm,https://www.sec.gov/Archives/edgar/data/1836981/000119312525056086/d925610d8k.htm,https://www.sec.gov/Archives/edgar/data/1836981/000162828025014752/bbai-20241231.htm
bbai-accession-level-pit-revision-ledger-2025-v1,a7e2d6b0bf868fbb853a6b9decff34bcbd6c61f4d3ea2f0e859c80803a399641,74,BBAI-RS-074,statement-of-operations,Loss before taxes,us-gaap:IncomeLossFromContinuingOperationsBeforeIncomeTaxesExtraordinaryItemsNoncontrollingInterest,USD,2023-07-01,2023-09-30,3994000,2023-11-09T21:53:36.000Z,0001628280-23-038308,2025-03-18T10:04:50.000Z,0001193125-25-056086,2877000,2025-03-25T20:49:29.000Z,0001628280-25-014752,-1117000,-1117000,1117000,true,false,issuer-identified-restatement,matched,matched,https://www.sec.gov/Archives/edgar/data/1836981/000162828023038308/bbai-20230930.htm,https://www.sec.gov/Archives/edgar/data/1836981/000119312525056086/d925610d8k.htm,https://www.sec.gov/Archives/edgar/data/1836981/000162828025014752/bbai-20241231.htm
bbai-accession-level-pit-revision-ledger-2025-v1,a7e2d6b0bf868fbb853a6b9decff34bcbd6c61f4d3ea2f0e859c80803a399641,75,BBAI-RS-075,statement-of-operations,Interest expense,us-gaap:InterestExpenseDebt,USD,2023-07-01,2023-09-30,3540000,2023-11-09T21:53:36.000Z,0001628280-23-038308,2025-03-18T10:04:50.000Z,0001193125-25-056086,6267000,2025-03-25T20:49:29.000Z,0001628280-25-014752,2727000,2727000,2727000,true,false,issuer-identified-restatement,matched,matched,https://www.sec.gov/Archives/edgar/data/1836981/000162828023038308/bbai-20230930.htm,https://www.sec.gov/Archives/edgar/data/1836981/000119312525056086/d925610d8k.htm,https://www.sec.gov/Archives/edgar/data/1836981/000162828025014752/bbai-20241231.htm
bbai-accession-level-pit-revision-ledger-2025-v1,a7e2d6b0bf868fbb853a6b9decff34bcbd6c61f4d3ea2f0e859c80803a399641,76,BBAI-RS-076,statement-of-operations,Net loss,us-gaap:NetIncomeLoss,USD,2023-07-01,2023-09-30,3999000,2023-11-09T21:53:36.000Z,0001628280-23-038308,2025-03-18T10:04:50.000Z,0001193125-25-056086,2882000,2025-03-25T20:49:29.000Z,0001628280-25-014752,-1117000,-1117000,1117000,true,false,issuer-identified-restatement,matched,matched,https://www.sec.gov/Archives/edgar/data/1836981/000162828023038308/bbai-20230930.htm,https://www.sec.gov/Archives/edgar/data/1836981/000119312525056086/d925610d8k.htm,https://www.sec.gov/Archives/edgar/data/1836981/000162828025014752/bbai-20241231.htm
bbai-accession-level-pit-revision-ledger-2025-v1,a7e2d6b0bf868fbb853a6b9decff34bcbd6c61f4d3ea2f0e859c80803a399641,77,BBAI-RS-077,balance-sheet,Deferred tax liabilities,us-gaap:DeferredIncomeTaxLiabilitiesNet,USD,,2023-12-31,37000,2024-03-15T21:23:23.000Z,0001628280-24-011538,2025-03-18T10:04:50.000Z,0001193125-25-056086,328000,2025-03-25T20:49:29.000Z,0001628280-25-014752,291000,291000,291000,true,false,issuer-identified-restatement,matched,matched,https://www.sec.gov/Archives/edgar/data/1836981/000162828024011538/bbai-20231231.htm,https://www.sec.gov/Archives/edgar/data/1836981/000119312525056086/d925610d8k.htm,https://www.sec.gov/Archives/edgar/data/1836981/000162828025014752/bbai-20241231.htm
bbai-accession-level-pit-revision-ledger-2025-v1,a7e2d6b0bf868fbb853a6b9decff34bcbd6c61f4d3ea2f0e859c80803a399641,78,BBAI-RS-078,balance-sheet,Derivative liabilities,us-gaap:DerivativeLiabilitiesCurrent,USD,,2023-12-31,37862000,2024-03-15T21:23:23.000Z,0001628280-24-011538,2025-03-18T10:04:50.000Z,0001193125-25-056086,38353000,2025-03-25T20:49:29.000Z,0001628280-25-014752,491000,491000,491000,true,false,issuer-identified-restatement,matched,matched,https://www.sec.gov/Archives/edgar/data/1836981/000162828024011538/bbai-20231231.htm,https://www.sec.gov/Archives/edgar/data/1836981/000119312525056086/d925610d8k.htm,https://www.sec.gov/Archives/edgar/data/1836981/000162828025014752/bbai-20241231.htm
bbai-accession-level-pit-revision-ledger-2025-v1,a7e2d6b0bf868fbb853a6b9decff34bcbd6c61f4d3ea2f0e859c80803a399641,79,BBAI-RS-079,balance-sheet,Total liabilities,us-gaap:Liabilities,USD,,2023-12-31,267245000,2024-03-15T21:23:23.000Z,0001628280-24-011538,2025-03-18T10:04:50.000Z,0001193125-25-056086,229909000,2025-03-25T20:49:29.000Z,0001628280-25-014752,-37336000,-37336000,37336000,true,false,issuer-identified-restatement,matched,matched,https://www.sec.gov/Archives/edgar/data/1836981/000162828024011538/bbai-20231231.htm,https://www.sec.gov/Archives/edgar/data/1836981/000119312525056086/d925610d8k.htm,https://www.sec.gov/Archives/edgar/data/1836981/000162828025014752/bbai-20241231.htm
bbai-accession-level-pit-revision-ledger-2025-v1,a7e2d6b0bf868fbb853a6b9decff34bcbd6c61f4d3ea2f0e859c80803a399641,80,BBAI-RS-080,balance-sheet,Total current liabilities,us-gaap:LiabilitiesCurrent,USD,,2023-12-31,68622000,2024-03-15T21:23:23.000Z,0001628280-24-011538,2025-03-18T10:04:50.000Z,0001193125-25-056086,69113000,2025-03-25T20:49:29.000Z,0001628280-25-014752,491000,491000,491000,true,false,issuer-identified-restatement,matched,matched,https://www.sec.gov/Archives/edgar/data/1836981/000162828024011538/bbai-20231231.htm,https://www.sec.gov/Archives/edgar/data/1836981/000119312525056086/d925610d8k.htm,https://www.sec.gov/Archives/edgar/data/1836981/000162828025014752/bbai-20241231.htm
bbai-accession-level-pit-revision-ledger-2025-v1,a7e2d6b0bf868fbb853a6b9decff34bcbd6c61f4d3ea2f0e859c80803a399641,81,BBAI-RS-081,balance-sheet,"Long-term debt, net",us-gaap:LongTermDebtNoncurrent,USD,,2023-12-31,194273000,2024-03-15T21:23:23.000Z,0001628280-24-011538,2025-03-18T10:04:50.000Z,0001193125-25-056086,156155000,2025-03-25T20:49:29.000Z,0001628280-25-014752,-38118000,-38118000,38118000,true,false,issuer-identified-restatement,matched,matched,https://www.sec.gov/Archives/edgar/data/1836981/000162828024011538/bbai-20231231.htm,https://www.sec.gov/Archives/edgar/data/1836981/000119312525056086/d925610d8k.htm,https://www.sec.gov/Archives/edgar/data/1836981/000162828025014752/bbai-20241231.htm
bbai-accession-level-pit-revision-ledger-2025-v1,a7e2d6b0bf868fbb853a6b9decff34bcbd6c61f4d3ea2f0e859c80803a399641,82,BBAI-RS-082,balance-sheet,Accumulated deficit,us-gaap:RetainedEarningsAccumulatedDeficit,USD,,2023-12-31,-313430000,2024-03-15T21:23:23.000Z,0001628280-24-011538,2025-03-18T10:04:50.000Z,0001193125-25-056086,-276094000,2025-03-25T20:49:29.000Z,0001628280-25-014752,37336000,37336000,37336000,true,false,issuer-identified-restatement,matched,matched,https://www.sec.gov/Archives/edgar/data/1836981/000162828024011538/bbai-20231231.htm,https://www.sec.gov/Archives/edgar/data/1836981/000119312525056086/d925610d8k.htm,https://www.sec.gov/Archives/edgar/data/1836981/000162828025014752/bbai-20241231.htm
bbai-accession-level-pit-revision-ledger-2025-v1,a7e2d6b0bf868fbb853a6b9decff34bcbd6c61f4d3ea2f0e859c80803a399641,83,BBAI-RS-083,balance-sheet,Total stockholders’ equity (deficit),us-gaap:StockholdersEquity,USD,,2023-12-31,-67335000,2024-03-15T21:23:23.000Z,0001628280-24-011538,2025-03-18T10:04:50.000Z,0001193125-25-056086,-29999000,2025-03-25T20:49:29.000Z,0001628280-25-014752,37336000,37336000,37336000,true,false,issuer-identified-restatement,matched,matched,https://www.sec.gov/Archives/edgar/data/1836981/000162828024011538/bbai-20231231.htm,https://www.sec.gov/Archives/edgar/data/1836981/000119312525056086/d925610d8k.htm,https://www.sec.gov/Archives/edgar/data/1836981/000162828025014752/bbai-20241231.htm
bbai-accession-level-pit-revision-ledger-2025-v1,a7e2d6b0bf868fbb853a6b9decff34bcbd6c61f4d3ea2f0e859c80803a399641,84,BBAI-RS-084,statement-of-cash-flows,Net increase (decrease) in fair value of derivatives,bbai:FairValueAdjustmentsOfWarrantsAndDerivatives,USD,2023-01-01,2023-12-31,7424000,2024-03-15T21:23:23.000Z,0001628280-24-011538,2025-03-18T10:04:50.000Z,0001193125-25-056086,7361000,2025-03-25T20:49:29.000Z,0001628280-25-014752,-63000,-63000,63000,true,false,issuer-identified-restatement,custom-taxonomy-not-returned,custom-taxonomy-not-returned,https://www.sec.gov/Archives/edgar/data/1836981/000162828024011538/bbai-20231231.htm,https://www.sec.gov/Archives/edgar/data/1836981/000119312525056086/d925610d8k.htm,https://www.sec.gov/Archives/edgar/data/1836981/000162828025014752/bbai-20241231.htm
bbai-accession-level-pit-revision-ledger-2025-v1,a7e2d6b0bf868fbb853a6b9decff34bcbd6c61f4d3ea2f0e859c80803a399641,85,BBAI-RS-085,statement-of-cash-flows,Amortization of debt issuance costs and discount,us-gaap:AmortizationOfFinancingCosts,USD,2023-01-01,2023-12-31,2018000,2024-03-15T21:23:23.000Z,0001628280-24-011538,2025-03-18T10:04:50.000Z,0001193125-25-056086,12695000,2025-03-25T20:49:29.000Z,0001628280-25-014752,10677000,10677000,10677000,true,false,issuer-identified-restatement,matched,matched,https://www.sec.gov/Archives/edgar/data/1836981/000162828024011538/bbai-20231231.htm,https://www.sec.gov/Archives/edgar/data/1836981/000119312525056086/d925610d8k.htm,https://www.sec.gov/Archives/edgar/data/1836981/000162828025014752/bbai-20241231.htm
bbai-accession-level-pit-revision-ledger-2025-v1,a7e2d6b0bf868fbb853a6b9decff34bcbd6c61f4d3ea2f0e859c80803a399641,86,BBAI-RS-086,statement-of-cash-flows,Deferred income tax (benefit) expense,us-gaap:DeferredIncomeTaxExpenseBenefit,USD,2023-01-01,2023-12-31,88000,2024-03-15T21:23:23.000Z,0001628280-24-011538,2025-03-18T10:04:50.000Z,0001193125-25-056086,-235000,2025-03-25T20:49:29.000Z,0001628280-25-014752,-323000,-323000,323000,true,true,issuer-identified-restatement,matched,matched,https://www.sec.gov/Archives/edgar/data/1836981/000162828024011538/bbai-20231231.htm,https://www.sec.gov/Archives/edgar/data/1836981/000119312525056086/d925610d8k.htm,https://www.sec.gov/Archives/edgar/data/1836981/000162828025014752/bbai-20241231.htm
bbai-accession-level-pit-revision-ledger-2025-v1,a7e2d6b0bf868fbb853a6b9decff34bcbd6c61f4d3ea2f0e859c80803a399641,87,BBAI-RS-087,statement-of-cash-flows,Net loss,us-gaap:NetIncomeLoss,USD,2023-01-01,2023-12-31,-60366000,2024-03-15T21:23:23.000Z,0001628280-24-011538,2025-03-18T10:04:50.000Z,0001193125-25-056086,-70657000,2025-03-25T20:49:29.000Z,0001628280-25-014752,-10291000,-10291000,10291000,true,false,issuer-identified-restatement,matched,matched,https://www.sec.gov/Archives/edgar/data/1836981/000162828024011538/bbai-20231231.htm,https://www.sec.gov/Archives/edgar/data/1836981/000119312525056086/d925610d8k.htm,https://www.sec.gov/Archives/edgar/data/1836981/000162828025014752/bbai-20241231.htm
bbai-accession-level-pit-revision-ledger-2025-v1,a7e2d6b0bf868fbb853a6b9decff34bcbd6c61f4d3ea2f0e859c80803a399641,88,BBAI-RS-088,statement-of-operations,Basic and diluted net loss per share,us-gaap:EarningsPerShareBasic,USD/share,2023-01-01,2023-12-31,-0.4,2024-03-15T21:23:23.000Z,0001628280-24-011538,2025-03-18T10:04:50.000Z,0001193125-25-056086,-0.47,2025-03-25T20:49:29.000Z,0001628280-25-014752,-0.07,-0.06999999999999995,0.06999999999999995,true,false,issuer-identified-restatement,matched,matched,https://www.sec.gov/Archives/edgar/data/1836981/000162828024011538/bbai-20231231.htm,https://www.sec.gov/Archives/edgar/data/1836981/000119312525056086/d925610d8k.htm,https://www.sec.gov/Archives/edgar/data/1836981/000162828025014752/bbai-20241231.htm
bbai-accession-level-pit-revision-ledger-2025-v1,a7e2d6b0bf868fbb853a6b9decff34bcbd6c61f4d3ea2f0e859c80803a399641,89,BBAI-RS-089,statement-of-operations,Basic and diluted net loss per share,us-gaap:EarningsPerShareDiluted,USD/share,2023-01-01,2023-12-31,-0.4,2024-03-15T21:23:23.000Z,0001628280-24-011538,2025-03-18T10:04:50.000Z,0001193125-25-056086,-0.47,2025-03-25T20:49:29.000Z,0001628280-25-014752,-0.07,-0.06999999999999995,0.06999999999999995,true,false,issuer-identified-restatement,matched,matched,https://www.sec.gov/Archives/edgar/data/1836981/000162828024011538/bbai-20231231.htm,https://www.sec.gov/Archives/edgar/data/1836981/000119312525056086/d925610d8k.htm,https://www.sec.gov/Archives/edgar/data/1836981/000162828025014752/bbai-20241231.htm
bbai-accession-level-pit-revision-ledger-2025-v1,a7e2d6b0bf868fbb853a6b9decff34bcbd6c61f4d3ea2f0e859c80803a399641,90,BBAI-RS-090,statement-of-operations,Net increase (decrease) in fair value of derivatives,us-gaap:GainLossOnDerivativeInstrumentsNetPretax,USD,2023-01-01,2023-12-31,-7424000,2024-03-15T21:23:23.000Z,0001628280-24-011538,2025-03-18T10:04:50.000Z,0001193125-25-056086,-7361000,2025-03-25T20:49:29.000Z,0001628280-25-014752,63000,63000,63000,true,false,issuer-identified-restatement,matched,matched,https://www.sec.gov/Archives/edgar/data/1836981/000162828024011538/bbai-20231231.htm,https://www.sec.gov/Archives/edgar/data/1836981/000119312525056086/d925610d8k.htm,https://www.sec.gov/Archives/edgar/data/1836981/000162828025014752/bbai-20241231.htm
bbai-accession-level-pit-revision-ledger-2025-v1,a7e2d6b0bf868fbb853a6b9decff34bcbd6c61f4d3ea2f0e859c80803a399641,91,BBAI-RS-091,statement-of-operations,Loss before taxes,us-gaap:IncomeLossFromContinuingOperationsBeforeIncomeTaxesExtraordinaryItemsNoncontrollingInterest,USD,2023-01-01,2023-12-31,-60265000,2024-03-15T21:23:23.000Z,0001628280-24-011538,2025-03-18T10:04:50.000Z,0001193125-25-056086,-70879000,2025-03-25T20:49:29.000Z,0001628280-25-014752,-10614000,-10614000,10614000,true,false,issuer-identified-restatement,matched,matched,https://www.sec.gov/Archives/edgar/data/1836981/000162828024011538/bbai-20231231.htm,https://www.sec.gov/Archives/edgar/data/1836981/000119312525056086/d925610d8k.htm,https://www.sec.gov/Archives/edgar/data/1836981/000162828025014752/bbai-20241231.htm
bbai-accession-level-pit-revision-ledger-2025-v1,a7e2d6b0bf868fbb853a6b9decff34bcbd6c61f4d3ea2f0e859c80803a399641,92,BBAI-RS-092,statement-of-operations,Income tax expense (benefit),us-gaap:IncomeTaxExpenseBenefit,USD,2023-01-01,2023-12-31,101000,2024-03-15T21:23:23.000Z,0001628280-24-011538,2025-03-18T10:04:50.000Z,0001193125-25-056086,-222000,2025-03-25T20:49:29.000Z,0001628280-25-014752,-323000,-323000,323000,true,true,issuer-identified-restatement,matched,matched,https://www.sec.gov/Archives/edgar/data/1836981/000162828024011538/bbai-20231231.htm,https://www.sec.gov/Archives/edgar/data/1836981/000119312525056086/d925610d8k.htm,https://www.sec.gov/Archives/edgar/data/1836981/000162828025014752/bbai-20241231.htm
bbai-accession-level-pit-revision-ledger-2025-v1,a7e2d6b0bf868fbb853a6b9decff34bcbd6c61f4d3ea2f0e859c80803a399641,93,BBAI-RS-093,statement-of-operations,Interest expense,us-gaap:InterestExpenseDebt,USD,2023-01-01,2023-12-31,14200000,2024-03-15T21:23:23.000Z,0001628280-24-011538,2025-03-18T10:04:50.000Z,0001193125-25-056086,24877000,2025-03-25T20:49:29.000Z,0001628280-25-014752,10677000,10677000,10677000,true,false,issuer-identified-restatement,matched,matched,https://www.sec.gov/Archives/edgar/data/1836981/000162828024011538/bbai-20231231.htm,https://www.sec.gov/Archives/edgar/data/1836981/000119312525056086/d925610d8k.htm,https://www.sec.gov/Archives/edgar/data/1836981/000162828025014752/bbai-20241231.htm
bbai-accession-level-pit-revision-ledger-2025-v1,a7e2d6b0bf868fbb853a6b9decff34bcbd6c61f4d3ea2f0e859c80803a399641,94,BBAI-RS-094,statement-of-operations,Net loss,us-gaap:NetIncomeLoss,USD,2023-01-01,2023-12-31,-60366000,2024-03-15T21:23:23.000Z,0001628280-24-011538,2025-03-18T10:04:50.000Z,0001193125-25-056086,-70657000,2025-03-25T20:49:29.000Z,0001628280-25-014752,-10291000,-10291000,10291000,true,false,issuer-identified-restatement,matched,matched,https://www.sec.gov/Archives/edgar/data/1836981/000162828024011538/bbai-20231231.htm,https://www.sec.gov/Archives/edgar/data/1836981/000119312525056086/d925610d8k.htm,https://www.sec.gov/Archives/edgar/data/1836981/000162828025014752/bbai-20241231.htm
bbai-accession-level-pit-revision-ledger-2025-v1,a7e2d6b0bf868fbb853a6b9decff34bcbd6c61f4d3ea2f0e859c80803a399641,95,BBAI-RS-095,statement-of-operations,Total comprehensive loss,us-gaap:ComprehensiveIncomeNetOfTax,USD,2023-10-01,2023-12-31,-21256000,2024-03-15T21:23:23.000Z,0001628280-24-011538,2025-03-18T10:04:50.000Z,0001193125-25-056086,-23522000,2025-03-25T20:49:29.000Z,0001628280-25-014752,-2266000,-2266000,2266000,true,false,issuer-identified-restatement,issuer-derived-q4-cell-not-returned,matched,https://www.sec.gov/Archives/edgar/data/1836981/000162828024011538/bbai-20231231.htm,https://www.sec.gov/Archives/edgar/data/1836981/000119312525056086/d925610d8k.htm,https://www.sec.gov/Archives/edgar/data/1836981/000162828025014752/bbai-20241231.htm
bbai-accession-level-pit-revision-ledger-2025-v1,a7e2d6b0bf868fbb853a6b9decff34bcbd6c61f4d3ea2f0e859c80803a399641,96,BBAI-RS-096,statement-of-operations,Basic and diluted net loss per share,us-gaap:EarningsPerShareBasic,USD/share,2023-10-01,2023-12-31,-0.14,2024-03-15T21:23:23.000Z,0001628280-24-011538,2025-03-18T10:04:50.000Z,0001193125-25-056086,-0.15,2025-03-25T20:49:29.000Z,0001628280-25-014752,-0.01,-0.009999999999999981,0.009999999999999981,true,false,issuer-identified-restatement,issuer-derived-q4-cell-not-returned,matched,https://www.sec.gov/Archives/edgar/data/1836981/000162828024011538/bbai-20231231.htm,https://www.sec.gov/Archives/edgar/data/1836981/000119312525056086/d925610d8k.htm,https://www.sec.gov/Archives/edgar/data/1836981/000162828025014752/bbai-20241231.htm
bbai-accession-level-pit-revision-ledger-2025-v1,a7e2d6b0bf868fbb853a6b9decff34bcbd6c61f4d3ea2f0e859c80803a399641,97,BBAI-RS-097,statement-of-operations,Basic and diluted net loss per share,us-gaap:EarningsPerShareDiluted,USD/share,2023-10-01,2023-12-31,-0.14,2024-03-15T21:23:23.000Z,0001628280-24-011538,2025-03-18T10:04:50.000Z,0001193125-25-056086,-0.15,2025-03-25T20:49:29.000Z,0001628280-25-014752,-0.01,-0.009999999999999981,0.009999999999999981,true,false,issuer-identified-restatement,issuer-derived-q4-cell-not-returned,matched,https://www.sec.gov/Archives/edgar/data/1836981/000162828024011538/bbai-20231231.htm,https://www.sec.gov/Archives/edgar/data/1836981/000119312525056086/d925610d8k.htm,https://www.sec.gov/Archives/edgar/data/1836981/000162828025014752/bbai-20241231.htm
bbai-accession-level-pit-revision-ledger-2025-v1,a7e2d6b0bf868fbb853a6b9decff34bcbd6c61f4d3ea2f0e859c80803a399641,98,BBAI-RS-098,statement-of-operations,Net increase (decrease) in fair value of derivatives,us-gaap:GainLossOnDerivativeInstrumentsNetPretax,USD,2023-10-01,2023-12-31,-9395000,2024-03-15T21:23:23.000Z,0001628280-24-011538,2025-03-18T10:04:50.000Z,0001193125-25-056086,-9188000,2025-03-25T20:49:29.000Z,0001628280-25-014752,207000,207000,207000,true,false,issuer-identified-restatement,issuer-derived-q4-cell-not-returned,matched,https://www.sec.gov/Archives/edgar/data/1836981/000162828024011538/bbai-20231231.htm,https://www.sec.gov/Archives/edgar/data/1836981/000119312525056086/d925610d8k.htm,https://www.sec.gov/Archives/edgar/data/1836981/000162828025014752/bbai-20241231.htm
bbai-accession-level-pit-revision-ledger-2025-v1,a7e2d6b0bf868fbb853a6b9decff34bcbd6c61f4d3ea2f0e859c80803a399641,99,BBAI-RS-099,statement-of-operations,Loss before taxes,us-gaap:IncomeLossFromContinuingOperationsBeforeIncomeTaxesExtraordinaryItemsNoncontrollingInterest,USD,2023-10-01,2023-12-31,-21206000,2024-03-15T21:23:23.000Z,0001628280-24-011538,2025-03-18T10:04:50.000Z,0001193125-25-056086,-23795000,2025-03-25T20:49:29.000Z,0001628280-25-014752,-2589000,-2589000,2589000,true,false,issuer-identified-restatement,issuer-derived-q4-cell-not-returned,matched,https://www.sec.gov/Archives/edgar/data/1836981/000162828024011538/bbai-20231231.htm,https://www.sec.gov/Archives/edgar/data/1836981/000119312525056086/d925610d8k.htm,https://www.sec.gov/Archives/edgar/data/1836981/000162828025014752/bbai-20241231.htm
bbai-accession-level-pit-revision-ledger-2025-v1,a7e2d6b0bf868fbb853a6b9decff34bcbd6c61f4d3ea2f0e859c80803a399641,100,BBAI-RS-100,statement-of-operations,Income tax expense (benefit),us-gaap:IncomeTaxExpenseBenefit,USD,2023-10-01,2023-12-31,50000,2024-03-15T21:23:23.000Z,0001628280-24-011538,2025-03-18T10:04:50.000Z,0001193125-25-056086,-273000,2025-03-25T20:49:29.000Z,0001628280-25-014752,-323000,-323000,323000,true,true,issuer-identified-restatement,issuer-derived-q4-cell-not-returned,matched,https://www.sec.gov/Archives/edgar/data/1836981/000162828024011538/bbai-20231231.htm,https://www.sec.gov/Archives/edgar/data/1836981/000119312525056086/d925610d8k.htm,https://www.sec.gov/Archives/edgar/data/1836981/000162828025014752/bbai-20241231.htm
bbai-accession-level-pit-revision-ledger-2025-v1,a7e2d6b0bf868fbb853a6b9decff34bcbd6c61f4d3ea2f0e859c80803a399641,101,BBAI-RS-101,statement-of-operations,Interest expense,us-gaap:InterestExpenseDebt,USD,2023-10-01,2023-12-31,3544000,2024-03-15T21:23:23.000Z,0001628280-24-011538,2025-03-18T10:04:50.000Z,0001193125-25-056086,6340000,2025-03-25T20:49:29.000Z,0001628280-25-014752,2796000,2796000,2796000,true,false,issuer-identified-restatement,issuer-derived-q4-cell-not-returned,matched,https://www.sec.gov/Archives/edgar/data/1836981/000162828024011538/bbai-20231231.htm,https://www.sec.gov/Archives/edgar/data/1836981/000119312525056086/d925610d8k.htm,https://www.sec.gov/Archives/edgar/data/1836981/000162828025014752/bbai-20241231.htm
bbai-accession-level-pit-revision-ledger-2025-v1,a7e2d6b0bf868fbb853a6b9decff34bcbd6c61f4d3ea2f0e859c80803a399641,102,BBAI-RS-102,statement-of-operations,Net loss,us-gaap:NetIncomeLoss,USD,2023-10-01,2023-12-31,-21256000,2024-03-15T21:23:23.000Z,0001628280-24-011538,2025-03-18T10:04:50.000Z,0001193125-25-056086,-23522000,2025-03-25T20:49:29.000Z,0001628280-25-014752,-2266000,-2266000,2266000,true,false,issuer-identified-restatement,issuer-derived-q4-cell-not-returned,matched,https://www.sec.gov/Archives/edgar/data/1836981/000162828024011538/bbai-20231231.htm,https://www.sec.gov/Archives/edgar/data/1836981/000119312525056086/d925610d8k.htm,https://www.sec.gov/Archives/edgar/data/1836981/000162828025014752/bbai-20241231.htm
bbai-accession-level-pit-revision-ledger-2025-v1,a7e2d6b0bf868fbb853a6b9decff34bcbd6c61f4d3ea2f0e859c80803a399641,103,BBAI-RS-103,balance-sheet,Deferred tax liabilities,us-gaap:DeferredIncomeTaxLiabilitiesNet,USD,,2024-03-31,14000,2024-05-10T20:10:10.000Z,0001628280-24-022622,2025-03-18T10:04:50.000Z,0001193125-25-056086,305000,2025-03-25T20:49:29.000Z,0001628280-25-014752,291000,291000,291000,true,false,issuer-identified-restatement,matched,matched,https://www.sec.gov/Archives/edgar/data/1836981/000162828024022622/bbai-20240331.htm,https://www.sec.gov/Archives/edgar/data/1836981/000119312525056086/d925610d8k.htm,https://www.sec.gov/Archives/edgar/data/1836981/000162828025014752/bbai-20241231.htm
bbai-accession-level-pit-revision-ledger-2025-v1,a7e2d6b0bf868fbb853a6b9decff34bcbd6c61f4d3ea2f0e859c80803a399641,104,BBAI-RS-104,balance-sheet,Derivative liabilities,us-gaap:DerivativeLiabilitiesCurrent,USD,,2024-03-31,24956000,2024-05-10T20:10:10.000Z,0001628280-24-022622,2025-03-18T10:04:50.000Z,0001193125-25-056086,25262000,2025-03-25T20:49:29.000Z,0001628280-25-014752,306000,306000,306000,true,false,issuer-identified-restatement,matched,matched,https://www.sec.gov/Archives/edgar/data/1836981/000162828024022622/bbai-20240331.htm,https://www.sec.gov/Archives/edgar/data/1836981/000119312525056086/d925610d8k.htm,https://www.sec.gov/Archives/edgar/data/1836981/000162828025014752/bbai-20241231.htm
bbai-accession-level-pit-revision-ledger-2025-v1,a7e2d6b0bf868fbb853a6b9decff34bcbd6c61f4d3ea2f0e859c80803a399641,105,BBAI-RS-105,balance-sheet,Total liabilities,us-gaap:Liabilities,USD,,2024-03-31,269145000,2024-05-10T20:10:10.000Z,0001628280-24-022622,2025-03-18T10:04:50.000Z,0001193125-25-056086,234454000,2025-03-25T20:49:29.000Z,0001628280-25-014752,-34691000,-34691000,34691000,true,false,issuer-identified-restatement,matched,matched,https://www.sec.gov/Archives/edgar/data/1836981/000162828024022622/bbai-20240331.htm,https://www.sec.gov/Archives/edgar/data/1836981/000119312525056086/d925610d8k.htm,https://www.sec.gov/Archives/edgar/data/1836981/000162828025014752/bbai-20241231.htm
bbai-accession-level-pit-revision-ledger-2025-v1,a7e2d6b0bf868fbb853a6b9decff34bcbd6c61f4d3ea2f0e859c80803a399641,106,BBAI-RS-106,balance-sheet,Total current liabilities,us-gaap:LiabilitiesCurrent,USD,,2024-03-31,63070000,2024-05-10T20:10:10.000Z,0001628280-24-022622,2025-03-18T10:04:50.000Z,0001193125-25-056086,63376000,2025-03-25T20:49:29.000Z,0001628280-25-014752,306000,306000,306000,true,false,issuer-identified-restatement,matched,matched,https://www.sec.gov/Archives/edgar/data/1836981/000162828024022622/bbai-20240331.htm,https://www.sec.gov/Archives/edgar/data/1836981/000119312525056086/d925610d8k.htm,https://www.sec.gov/Archives/edgar/data/1836981/000162828025014752/bbai-20241231.htm
bbai-accession-level-pit-revision-ledger-2025-v1,a7e2d6b0bf868fbb853a6b9decff34bcbd6c61f4d3ea2f0e859c80803a399641,107,BBAI-RS-107,balance-sheet,Long-term debt,us-gaap:LongTermDebtNoncurrent,USD,,2024-03-31,194761000,2024-05-10T20:10:10.000Z,0001628280-24-022622,2025-03-18T10:04:50.000Z,0001193125-25-056086,159473000,2025-03-25T20:49:29.000Z,0001628280-25-014752,-35288000,-35288000,35288000,true,false,issuer-identified-restatement,matched,matched,https://www.sec.gov/Archives/edgar/data/1836981/000162828024022622/bbai-20240331.htm,https://www.sec.gov/Archives/edgar/data/1836981/000119312525056086/d925610d8k.htm,https://www.sec.gov/Archives/edgar/data/1836981/000162828025014752/bbai-20241231.htm
bbai-accession-level-pit-revision-ledger-2025-v1,a7e2d6b0bf868fbb853a6b9decff34bcbd6c61f4d3ea2f0e859c80803a399641,108,BBAI-RS-108,balance-sheet,Accumulated deficit,us-gaap:RetainedEarningsAccumulatedDeficit,USD,,2024-03-31,-438577000,2024-05-10T20:10:10.000Z,0001628280-24-022622,2025-03-18T10:04:50.000Z,0001193125-25-056086,-403886000,2025-03-25T20:49:29.000Z,0001628280-25-014752,34691000,34691000,34691000,true,false,issuer-identified-restatement,matched,matched,https://www.sec.gov/Archives/edgar/data/1836981/000162828024022622/bbai-20240331.htm,https://www.sec.gov/Archives/edgar/data/1836981/000119312525056086/d925610d8k.htm,https://www.sec.gov/Archives/edgar/data/1836981/000162828025014752/bbai-20241231.htm
bbai-accession-level-pit-revision-ledger-2025-v1,a7e2d6b0bf868fbb853a6b9decff34bcbd6c61f4d3ea2f0e859c80803a399641,109,BBAI-RS-109,balance-sheet,Total stockholders' equity (deficit),us-gaap:StockholdersEquity,USD,,2024-03-31,108482000,2024-05-10T20:10:10.000Z,0001628280-24-022622,2025-03-18T10:04:50.000Z,0001193125-25-056086,143173000,2025-03-25T20:49:29.000Z,0001628280-25-014752,34691000,34691000,34691000,true,false,issuer-identified-restatement,matched,matched,https://www.sec.gov/Archives/edgar/data/1836981/000162828024022622/bbai-20240331.htm,https://www.sec.gov/Archives/edgar/data/1836981/000119312525056086/d925610d8k.htm,https://www.sec.gov/Archives/edgar/data/1836981/000162828025014752/bbai-20241231.htm
bbai-accession-level-pit-revision-ledger-2025-v1,a7e2d6b0bf868fbb853a6b9decff34bcbd6c61f4d3ea2f0e859c80803a399641,110,BBAI-RS-110,statement-of-cash-flows,Net increase (decrease) in fair value of derivatives,bbai:FairValueAdjustmentsOfWarrantsAndDerivatives,USD,2024-01-01,2024-03-31,23992000,2024-05-10T20:10:10.000Z,0001628280-24-022622,2025-03-18T10:04:50.000Z,0001193125-25-056086,23807000,2025-03-25T20:49:29.000Z,0001628280-25-014752,-185000,-185000,185000,true,false,issuer-identified-restatement,custom-taxonomy-not-returned,custom-taxonomy-not-returned,https://www.sec.gov/Archives/edgar/data/1836981/000162828024022622/bbai-20240331.htm,https://www.sec.gov/Archives/edgar/data/1836981/000119312525056086/d925610d8k.htm,https://www.sec.gov/Archives/edgar/data/1836981/000162828025014752/bbai-20241231.htm
bbai-accession-level-pit-revision-ledger-2025-v1,a7e2d6b0bf868fbb853a6b9decff34bcbd6c61f4d3ea2f0e859c80803a399641,111,BBAI-RS-111,statement-of-cash-flows,Amortization of debt issuance costs and discount,us-gaap:AmortizationOfFinancingCosts,USD,2024-01-01,2024-03-31,506000,2024-05-10T20:10:10.000Z,0001628280-24-022622,2025-03-18T10:04:50.000Z,0001193125-25-056086,3336000,2025-03-25T20:49:29.000Z,0001628280-25-014752,2830000,2830000,2830000,true,false,issuer-identified-restatement,matched,matched,https://www.sec.gov/Archives/edgar/data/1836981/000162828024022622/bbai-20240331.htm,https://www.sec.gov/Archives/edgar/data/1836981/000119312525056086/d925610d8k.htm,https://www.sec.gov/Archives/edgar/data/1836981/000162828025014752/bbai-20241231.htm
bbai-accession-level-pit-revision-ledger-2025-v1,a7e2d6b0bf868fbb853a6b9decff34bcbd6c61f4d3ea2f0e859c80803a399641,112,BBAI-RS-112,statement-of-cash-flows,Net loss,us-gaap:NetIncomeLoss,USD,2024-01-01,2024-03-31,-125147000,2024-05-10T20:10:10.000Z,0001628280-24-022622,2025-03-18T10:04:50.000Z,0001193125-25-056086,-127792000,2025-03-25T20:49:29.000Z,0001628280-25-014752,-2645000,-2645000,2645000,true,false,issuer-identified-restatement,matched,matched,https://www.sec.gov/Archives/edgar/data/1836981/000162828024022622/bbai-20240331.htm,https://www.sec.gov/Archives/edgar/data/1836981/000119312525056086/d925610d8k.htm,https://www.sec.gov/Archives/edgar/data/1836981/000162828025014752/bbai-20241231.htm
bbai-accession-level-pit-revision-ledger-2025-v1,a7e2d6b0bf868fbb853a6b9decff34bcbd6c61f4d3ea2f0e859c80803a399641,113,BBAI-RS-113,statement-of-operations,Total comprehensive loss,us-gaap:ComprehensiveIncomeNetOfTax,USD,2024-01-01,2024-03-31,-125147000,2024-05-10T20:10:10.000Z,0001628280-24-022622,2025-03-18T10:04:50.000Z,0001193125-25-056086,-127792000,2025-03-25T20:49:29.000Z,0001628280-25-014752,-2645000,-2645000,2645000,true,false,issuer-identified-restatement,prior-accession-cell-not-returned,matched,https://www.sec.gov/Archives/edgar/data/1836981/000162828024022622/bbai-20240331.htm,https://www.sec.gov/Archives/edgar/data/1836981/000119312525056086/d925610d8k.htm,https://www.sec.gov/Archives/edgar/data/1836981/000162828025014752/bbai-20241231.htm
bbai-accession-level-pit-revision-ledger-2025-v1,a7e2d6b0bf868fbb853a6b9decff34bcbd6c61f4d3ea2f0e859c80803a399641,114,BBAI-RS-114,statement-of-operations,Basic and diluted net loss per share,us-gaap:EarningsPerShareBasic,USD/share,2024-01-01,2024-03-31,-0.67,2024-05-10T20:10:10.000Z,0001628280-24-022622,2025-03-18T10:04:50.000Z,0001193125-25-056086,-0.68,2025-03-25T20:49:29.000Z,0001628280-25-014752,-0.01,-0.010000000000000009,0.010000000000000009,true,false,issuer-identified-restatement,matched,matched,https://www.sec.gov/Archives/edgar/data/1836981/000162828024022622/bbai-20240331.htm,https://www.sec.gov/Archives/edgar/data/1836981/000119312525056086/d925610d8k.htm,https://www.sec.gov/Archives/edgar/data/1836981/000162828025014752/bbai-20241231.htm
bbai-accession-level-pit-revision-ledger-2025-v1,a7e2d6b0bf868fbb853a6b9decff34bcbd6c61f4d3ea2f0e859c80803a399641,115,BBAI-RS-115,statement-of-operations,Basic and diluted net loss per share,us-gaap:EarningsPerShareDiluted,USD/share,2024-01-01,2024-03-31,-0.67,2024-05-10T20:10:10.000Z,0001628280-24-022622,2025-03-18T10:04:50.000Z,0001193125-25-056086,-0.68,2025-03-25T20:49:29.000Z,0001628280-25-014752,-0.01,-0.010000000000000009,0.010000000000000009,true,false,issuer-identified-restatement,matched,matched,https://www.sec.gov/Archives/edgar/data/1836981/000162828024022622/bbai-20240331.htm,https://www.sec.gov/Archives/edgar/data/1836981/000119312525056086/d925610d8k.htm,https://www.sec.gov/Archives/edgar/data/1836981/000162828025014752/bbai-20241231.htm
bbai-accession-level-pit-revision-ledger-2025-v1,a7e2d6b0bf868fbb853a6b9decff34bcbd6c61f4d3ea2f0e859c80803a399641,116,BBAI-RS-116,statement-of-operations,Net increase (decrease) in fair value of derivatives,us-gaap:GainLossOnDerivativeInstrumentsNetPretax,USD,2024-01-01,2024-03-31,-23992000,2024-05-10T20:10:10.000Z,0001628280-24-022622,2025-03-18T10:04:50.000Z,0001193125-25-056086,-23807000,2025-03-25T20:49:29.000Z,0001628280-25-014752,185000,185000,185000,true,false,issuer-identified-restatement,matched,matched,https://www.sec.gov/Archives/edgar/data/1836981/000162828024022622/bbai-20240331.htm,https://www.sec.gov/Archives/edgar/data/1836981/000119312525056086/d925610d8k.htm,https://www.sec.gov/Archives/edgar/data/1836981/000162828025014752/bbai-20241231.htm
bbai-accession-level-pit-revision-ledger-2025-v1,a7e2d6b0bf868fbb853a6b9decff34bcbd6c61f4d3ea2f0e859c80803a399641,117,BBAI-RS-117,statement-of-operations,Loss before taxes,us-gaap:IncomeLossFromContinuingOperationsBeforeIncomeTaxesExtraordinaryItemsNoncontrollingInterest,USD,2024-01-01,2024-03-31,-125161000,2024-05-10T20:10:10.000Z,0001628280-24-022622,2025-03-18T10:04:50.000Z,0001193125-25-056086,-127806000,2025-03-25T20:49:29.000Z,0001628280-25-014752,-2645000,-2645000,2645000,true,false,issuer-identified-restatement,matched,matched,https://www.sec.gov/Archives/edgar/data/1836981/000162828024022622/bbai-20240331.htm,https://www.sec.gov/Archives/edgar/data/1836981/000119312525056086/d925610d8k.htm,https://www.sec.gov/Archives/edgar/data/1836981/000162828025014752/bbai-20241231.htm
bbai-accession-level-pit-revision-ledger-2025-v1,a7e2d6b0bf868fbb853a6b9decff34bcbd6c61f4d3ea2f0e859c80803a399641,118,BBAI-RS-118,statement-of-operations,Interest expense,us-gaap:InterestExpenseDebt,USD,2024-01-01,2024-03-31,3555000,2024-05-10T20:10:10.000Z,0001628280-24-022622,2025-03-18T10:04:50.000Z,0001193125-25-056086,6385000,2025-03-25T20:49:29.000Z,0001628280-25-014752,2830000,2830000,2830000,true,false,issuer-identified-restatement,matched,matched,https://www.sec.gov/Archives/edgar/data/1836981/000162828024022622/bbai-20240331.htm,https://www.sec.gov/Archives/edgar/data/1836981/000119312525056086/d925610d8k.htm,https://www.sec.gov/Archives/edgar/data/1836981/000162828025014752/bbai-20241231.htm
bbai-accession-level-pit-revision-ledger-2025-v1,a7e2d6b0bf868fbb853a6b9decff34bcbd6c61f4d3ea2f0e859c80803a399641,119,BBAI-RS-119,statement-of-operations,Net loss,us-gaap:NetIncomeLoss,USD,2024-01-01,2024-03-31,-125147000,2024-05-10T20:10:10.000Z,0001628280-24-022622,2025-03-18T10:04:50.000Z,0001193125-25-056086,-127792000,2025-03-25T20:49:29.000Z,0001628280-25-014752,-2645000,-2645000,2645000,true,false,issuer-identified-restatement,matched,matched,https://www.sec.gov/Archives/edgar/data/1836981/000162828024022622/bbai-20240331.htm,https://www.sec.gov/Archives/edgar/data/1836981/000119312525056086/d925610d8k.htm,https://www.sec.gov/Archives/edgar/data/1836981/000162828025014752/bbai-20241231.htm
bbai-accession-level-pit-revision-ledger-2025-v1,a7e2d6b0bf868fbb853a6b9decff34bcbd6c61f4d3ea2f0e859c80803a399641,120,BBAI-RS-120,balance-sheet,Deferred tax liabilities,us-gaap:DeferredIncomeTaxLiabilitiesNet,USD,,2024-06-30,0,2024-08-09T20:31:26.000Z,0001628280-24-036497,2025-03-18T10:04:50.000Z,0001193125-25-056086,291000,2025-03-25T20:49:29.000Z,0001628280-25-014752,291000,291000,291000,true,false,issuer-identified-restatement,matched,matched,https://www.sec.gov/Archives/edgar/data/1836981/000162828024036497/bbai-20240630.htm,https://www.sec.gov/Archives/edgar/data/1836981/000119312525056086/d925610d8k.htm,https://www.sec.gov/Archives/edgar/data/1836981/000162828025014752/bbai-20241231.htm
bbai-accession-level-pit-revision-ledger-2025-v1,a7e2d6b0bf868fbb853a6b9decff34bcbd6c61f4d3ea2f0e859c80803a399641,121,BBAI-RS-121,balance-sheet,Derivative liabilities,us-gaap:DerivativeLiabilitiesCurrent,USD,,2024-06-30,17074000,2024-08-09T20:31:26.000Z,0001628280-24-036497,2025-03-18T10:04:50.000Z,0001193125-25-056086,17181000,2025-03-25T20:49:29.000Z,0001628280-25-014752,107000,107000,107000,true,false,issuer-identified-restatement,matched,matched,https://www.sec.gov/Archives/edgar/data/1836981/000162828024036497/bbai-20240630.htm,https://www.sec.gov/Archives/edgar/data/1836981/000119312525056086/d925610d8k.htm,https://www.sec.gov/Archives/edgar/data/1836981/000162828025014752/bbai-20241231.htm
bbai-accession-level-pit-revision-ledger-2025-v1,a7e2d6b0bf868fbb853a6b9decff34bcbd6c61f4d3ea2f0e859c80803a399641,122,BBAI-RS-122,balance-sheet,Total liabilities,us-gaap:Liabilities,USD,,2024-06-30,258127000,2024-08-09T20:31:26.000Z,0001628280-24-036497,2025-03-18T10:04:50.000Z,0001193125-25-056086,226138000,2025-03-25T20:49:29.000Z,0001628280-25-014752,-31989000,-31989000,31989000,true,false,issuer-identified-restatement,matched,matched,https://www.sec.gov/Archives/edgar/data/1836981/000162828024036497/bbai-20240630.htm,https://www.sec.gov/Archives/edgar/data/1836981/000119312525056086/d925610d8k.htm,https://www.sec.gov/Archives/edgar/data/1836981/000162828025014752/bbai-20241231.htm
bbai-accession-level-pit-revision-ledger-2025-v1,a7e2d6b0bf868fbb853a6b9decff34bcbd6c61f4d3ea2f0e859c80803a399641,123,BBAI-RS-123,balance-sheet,Total current liabilities,us-gaap:LiabilitiesCurrent,USD,,2024-06-30,53315000,2024-08-09T20:31:26.000Z,0001628280-24-036497,2025-03-18T10:04:50.000Z,0001193125-25-056086,53422000,2025-03-25T20:49:29.000Z,0001628280-25-014752,107000,107000,107000,true,false,issuer-identified-restatement,matched,matched,https://www.sec.gov/Archives/edgar/data/1836981/000162828024036497/bbai-20240630.htm,https://www.sec.gov/Archives/edgar/data/1836981/000119312525056086/d925610d8k.htm,https://www.sec.gov/Archives/edgar/data/1836981/000162828025014752/bbai-20241231.htm
bbai-accession-level-pit-revision-ledger-2025-v1,a7e2d6b0bf868fbb853a6b9decff34bcbd6c61f4d3ea2f0e859c80803a399641,124,BBAI-RS-124,balance-sheet,Long-term debt,us-gaap:LongTermDebtNoncurrent,USD,,2024-06-30,195250000,2024-08-09T20:31:26.000Z,0001628280-24-036497,2025-03-18T10:04:50.000Z,0001193125-25-056086,162863000,2025-03-25T20:49:29.000Z,0001628280-25-014752,-32387000,-32387000,32387000,true,false,issuer-identified-restatement,matched,matched,https://www.sec.gov/Archives/edgar/data/1836981/000162828024036497/bbai-20240630.htm,https://www.sec.gov/Archives/edgar/data/1836981/000119312525056086/d925610d8k.htm,https://www.sec.gov/Archives/edgar/data/1836981/000162828025014752/bbai-20241231.htm
bbai-accession-level-pit-revision-ledger-2025-v1,a7e2d6b0bf868fbb853a6b9decff34bcbd6c61f4d3ea2f0e859c80803a399641,125,BBAI-RS-125,balance-sheet,Accumulated deficit,us-gaap:RetainedEarningsAccumulatedDeficit,USD,,2024-06-30,-450314000,2024-08-09T20:31:26.000Z,0001628280-24-036497,2025-03-18T10:04:50.000Z,0001193125-25-056086,-418325000,2025-03-25T20:49:29.000Z,0001628280-25-014752,31989000,31989000,31989000,true,false,issuer-identified-restatement,matched,matched,https://www.sec.gov/Archives/edgar/data/1836981/000162828024036497/bbai-20240630.htm,https://www.sec.gov/Archives/edgar/data/1836981/000119312525056086/d925610d8k.htm,https://www.sec.gov/Archives/edgar/data/1836981/000162828025014752/bbai-20241231.htm
bbai-accession-level-pit-revision-ledger-2025-v1,a7e2d6b0bf868fbb853a6b9decff34bcbd6c61f4d3ea2f0e859c80803a399641,126,BBAI-RS-126,balance-sheet,Total stockholders' equity (deficit),us-gaap:StockholdersEquity,USD,,2024-06-30,102756000,2024-08-09T20:31:26.000Z,0001628280-24-036497,2025-03-18T10:04:50.000Z,0001193125-25-056086,134745000,2025-03-25T20:49:29.000Z,0001628280-25-014752,31989000,31989000,31989000,true,false,issuer-identified-restatement,matched,matched,https://www.sec.gov/Archives/edgar/data/1836981/000162828024036497/bbai-20240630.htm,https://www.sec.gov/Archives/edgar/data/1836981/000119312525056086/d925610d8k.htm,https://www.sec.gov/Archives/edgar/data/1836981/000162828025014752/bbai-20241231.htm
bbai-accession-level-pit-revision-ledger-2025-v1,a7e2d6b0bf868fbb853a6b9decff34bcbd6c61f4d3ea2f0e859c80803a399641,127,BBAI-RS-127,statement-of-cash-flows,Net increase (decrease) in fair value of derivatives,bbai:FairValueAdjustmentsOfWarrantsAndDerivatives,USD,2024-01-01,2024-06-30,16110000,2024-08-09T20:31:26.000Z,0001628280-24-036497,2025-03-18T10:04:50.000Z,0001193125-25-056086,15726000,2025-03-25T20:49:29.000Z,0001628280-25-014752,-384000,-384000,384000,true,false,issuer-identified-restatement,custom-taxonomy-not-returned,custom-taxonomy-not-returned,https://www.sec.gov/Archives/edgar/data/1836981/000162828024036497/bbai-20240630.htm,https://www.sec.gov/Archives/edgar/data/1836981/000119312525056086/d925610d8k.htm,https://www.sec.gov/Archives/edgar/data/1836981/000162828025014752/bbai-20241231.htm
bbai-accession-level-pit-revision-ledger-2025-v1,a7e2d6b0bf868fbb853a6b9decff34bcbd6c61f4d3ea2f0e859c80803a399641,128,BBAI-RS-128,statement-of-cash-flows,Amortization of debt issuance costs and discount,us-gaap:AmortizationOfFinancingCosts,USD,2024-01-01,2024-06-30,1012000,2024-08-09T20:31:26.000Z,0001628280-24-036497,2025-03-18T10:04:50.000Z,0001193125-25-056086,6743000,2025-03-25T20:49:29.000Z,0001628280-25-014752,5731000,5731000,5731000,true,false,issuer-identified-restatement,matched,matched,https://www.sec.gov/Archives/edgar/data/1836981/000162828024036497/bbai-20240630.htm,https://www.sec.gov/Archives/edgar/data/1836981/000119312525056086/d925610d8k.htm,https://www.sec.gov/Archives/edgar/data/1836981/000162828025014752/bbai-20241231.htm
bbai-accession-level-pit-revision-ledger-2025-v1,a7e2d6b0bf868fbb853a6b9decff34bcbd6c61f4d3ea2f0e859c80803a399641,129,BBAI-RS-129,statement-of-cash-flows,Net loss,us-gaap:NetIncomeLoss,USD,2024-01-01,2024-06-30,-136884000,2024-08-09T20:31:26.000Z,0001628280-24-036497,2025-03-18T10:04:50.000Z,0001193125-25-056086,-142231000,2025-03-25T20:49:29.000Z,0001628280-25-014752,-5347000,-5347000,5347000,true,false,issuer-identified-restatement,matched,matched,https://www.sec.gov/Archives/edgar/data/1836981/000162828024036497/bbai-20240630.htm,https://www.sec.gov/Archives/edgar/data/1836981/000119312525056086/d925610d8k.htm,https://www.sec.gov/Archives/edgar/data/1836981/000162828025014752/bbai-20241231.htm
bbai-accession-level-pit-revision-ledger-2025-v1,a7e2d6b0bf868fbb853a6b9decff34bcbd6c61f4d3ea2f0e859c80803a399641,130,BBAI-RS-130,statement-of-operations,Total comprehensive loss,us-gaap:ComprehensiveIncomeNetOfTax,USD,2024-01-01,2024-06-30,-136884000,2024-08-09T20:31:26.000Z,0001628280-24-036497,2025-03-18T10:04:50.000Z,0001193125-25-056086,-142231000,2025-03-25T20:49:29.000Z,0001628280-25-014752,-5347000,-5347000,5347000,true,false,issuer-identified-restatement,prior-accession-cell-not-returned,matched,https://www.sec.gov/Archives/edgar/data/1836981/000162828024036497/bbai-20240630.htm,https://www.sec.gov/Archives/edgar/data/1836981/000119312525056086/d925610d8k.htm,https://www.sec.gov/Archives/edgar/data/1836981/000162828025014752/bbai-20241231.htm
bbai-accession-level-pit-revision-ledger-2025-v1,a7e2d6b0bf868fbb853a6b9decff34bcbd6c61f4d3ea2f0e859c80803a399641,131,BBAI-RS-131,statement-of-operations,Basic and diluted net loss per share,us-gaap:EarningsPerShareBasic,USD/share,2024-01-01,2024-06-30,-0.63,2024-08-09T20:31:26.000Z,0001628280-24-036497,2025-03-18T10:04:50.000Z,0001193125-25-056086,-0.66,2025-03-25T20:49:29.000Z,0001628280-25-014752,-0.03,-0.030000000000000027,0.030000000000000027,true,false,issuer-identified-restatement,matched,matched,https://www.sec.gov/Archives/edgar/data/1836981/000162828024036497/bbai-20240630.htm,https://www.sec.gov/Archives/edgar/data/1836981/000119312525056086/d925610d8k.htm,https://www.sec.gov/Archives/edgar/data/1836981/000162828025014752/bbai-20241231.htm
bbai-accession-level-pit-revision-ledger-2025-v1,a7e2d6b0bf868fbb853a6b9decff34bcbd6c61f4d3ea2f0e859c80803a399641,132,BBAI-RS-132,statement-of-operations,Basic and diluted net loss per share,us-gaap:EarningsPerShareDiluted,USD/share,2024-01-01,2024-06-30,-0.63,2024-08-09T20:31:26.000Z,0001628280-24-036497,2025-03-18T10:04:50.000Z,0001193125-25-056086,-0.66,2025-03-25T20:49:29.000Z,0001628280-25-014752,-0.03,-0.030000000000000027,0.030000000000000027,true,false,issuer-identified-restatement,matched,matched,https://www.sec.gov/Archives/edgar/data/1836981/000162828024036497/bbai-20240630.htm,https://www.sec.gov/Archives/edgar/data/1836981/000119312525056086/d925610d8k.htm,https://www.sec.gov/Archives/edgar/data/1836981/000162828025014752/bbai-20241231.htm
bbai-accession-level-pit-revision-ledger-2025-v1,a7e2d6b0bf868fbb853a6b9decff34bcbd6c61f4d3ea2f0e859c80803a399641,133,BBAI-RS-133,statement-of-operations,Net increase (decrease) in fair value of derivatives,us-gaap:GainLossOnDerivativeInstrumentsNetPretax,USD,2024-01-01,2024-06-30,-16110000,2024-08-09T20:31:26.000Z,0001628280-24-036497,2025-03-18T10:04:50.000Z,0001193125-25-056086,-15726000,2025-03-25T20:49:29.000Z,0001628280-25-014752,384000,384000,384000,true,false,issuer-identified-restatement,matched,matched,https://www.sec.gov/Archives/edgar/data/1836981/000162828024036497/bbai-20240630.htm,https://www.sec.gov/Archives/edgar/data/1836981/000119312525056086/d925610d8k.htm,https://www.sec.gov/Archives/edgar/data/1836981/000162828025014752/bbai-20241231.htm
bbai-accession-level-pit-revision-ledger-2025-v1,a7e2d6b0bf868fbb853a6b9decff34bcbd6c61f4d3ea2f0e859c80803a399641,134,BBAI-RS-134,statement-of-operations,Loss before taxes,us-gaap:IncomeLossFromContinuingOperationsBeforeIncomeTaxesExtraordinaryItemsNoncontrollingInterest,USD,2024-01-01,2024-06-30,-136883000,2024-08-09T20:31:26.000Z,0001628280-24-036497,2025-03-18T10:04:50.000Z,0001193125-25-056086,-142230000,2025-03-25T20:49:29.000Z,0001628280-25-014752,-5347000,-5347000,5347000,true,false,issuer-identified-restatement,matched,matched,https://www.sec.gov/Archives/edgar/data/1836981/000162828024036497/bbai-20240630.htm,https://www.sec.gov/Archives/edgar/data/1836981/000119312525056086/d925610d8k.htm,https://www.sec.gov/Archives/edgar/data/1836981/000162828025014752/bbai-20241231.htm
bbai-accession-level-pit-revision-ledger-2025-v1,a7e2d6b0bf868fbb853a6b9decff34bcbd6c61f4d3ea2f0e859c80803a399641,135,BBAI-RS-135,statement-of-operations,Interest expense,us-gaap:InterestExpenseDebt,USD,2024-01-01,2024-06-30,7106000,2024-08-09T20:31:26.000Z,0001628280-24-036497,2025-03-18T10:04:50.000Z,0001193125-25-056086,12837000,2025-03-25T20:49:29.000Z,0001628280-25-014752,5731000,5731000,5731000,true,false,issuer-identified-restatement,matched,matched,https://www.sec.gov/Archives/edgar/data/1836981/000162828024036497/bbai-20240630.htm,https://www.sec.gov/Archives/edgar/data/1836981/000119312525056086/d925610d8k.htm,https://www.sec.gov/Archives/edgar/data/1836981/000162828025014752/bbai-20241231.htm
bbai-accession-level-pit-revision-ledger-2025-v1,a7e2d6b0bf868fbb853a6b9decff34bcbd6c61f4d3ea2f0e859c80803a399641,136,BBAI-RS-136,statement-of-operations,Net loss,us-gaap:NetIncomeLoss,USD,2024-01-01,2024-06-30,-136884000,2024-08-09T20:31:26.000Z,0001628280-24-036497,2025-03-18T10:04:50.000Z,0001193125-25-056086,-142231000,2025-03-25T20:49:29.000Z,0001628280-25-014752,-5347000,-5347000,5347000,true,false,issuer-identified-restatement,matched,matched,https://www.sec.gov/Archives/edgar/data/1836981/000162828024036497/bbai-20240630.htm,https://www.sec.gov/Archives/edgar/data/1836981/000119312525056086/d925610d8k.htm,https://www.sec.gov/Archives/edgar/data/1836981/000162828025014752/bbai-20241231.htm
bbai-accession-level-pit-revision-ledger-2025-v1,a7e2d6b0bf868fbb853a6b9decff34bcbd6c61f4d3ea2f0e859c80803a399641,137,BBAI-RS-137,statement-of-operations,Total comprehensive loss,us-gaap:ComprehensiveIncomeNetOfTax,USD,2024-04-01,2024-06-30,-11737000,2024-08-09T20:31:26.000Z,0001628280-24-036497,2025-03-18T10:04:50.000Z,0001193125-25-056086,-14439000,2025-03-25T20:49:29.000Z,0001628280-25-014752,-2702000,-2702000,2702000,true,false,issuer-identified-restatement,prior-accession-cell-not-returned,matched,https://www.sec.gov/Archives/edgar/data/1836981/000162828024036497/bbai-20240630.htm,https://www.sec.gov/Archives/edgar/data/1836981/000119312525056086/d925610d8k.htm,https://www.sec.gov/Archives/edgar/data/1836981/000162828025014752/bbai-20241231.htm
bbai-accession-level-pit-revision-ledger-2025-v1,a7e2d6b0bf868fbb853a6b9decff34bcbd6c61f4d3ea2f0e859c80803a399641,138,BBAI-RS-138,statement-of-operations,Basic and diluted net loss per share,us-gaap:EarningsPerShareBasic,USD/share,2024-04-01,2024-06-30,-0.05,2024-08-09T20:31:26.000Z,0001628280-24-036497,2025-03-18T10:04:50.000Z,0001193125-25-056086,-0.06,2025-03-25T20:49:29.000Z,0001628280-25-014752,-0.01,-0.009999999999999995,0.009999999999999995,true,false,issuer-identified-restatement,matched,matched,https://www.sec.gov/Archives/edgar/data/1836981/000162828024036497/bbai-20240630.htm,https://www.sec.gov/Archives/edgar/data/1836981/000119312525056086/d925610d8k.htm,https://www.sec.gov/Archives/edgar/data/1836981/000162828025014752/bbai-20241231.htm
bbai-accession-level-pit-revision-ledger-2025-v1,a7e2d6b0bf868fbb853a6b9decff34bcbd6c61f4d3ea2f0e859c80803a399641,139,BBAI-RS-139,statement-of-operations,Basic and diluted net loss per share,us-gaap:EarningsPerShareDiluted,USD/share,2024-04-01,2024-06-30,-0.05,2024-08-09T20:31:26.000Z,0001628280-24-036497,2025-03-18T10:04:50.000Z,0001193125-25-056086,-0.06,2025-03-25T20:49:29.000Z,0001628280-25-014752,-0.01,-0.009999999999999995,0.009999999999999995,true,false,issuer-identified-restatement,matched,matched,https://www.sec.gov/Archives/edgar/data/1836981/000162828024036497/bbai-20240630.htm,https://www.sec.gov/Archives/edgar/data/1836981/000119312525056086/d925610d8k.htm,https://www.sec.gov/Archives/edgar/data/1836981/000162828025014752/bbai-20241231.htm
bbai-accession-level-pit-revision-ledger-2025-v1,a7e2d6b0bf868fbb853a6b9decff34bcbd6c61f4d3ea2f0e859c80803a399641,140,BBAI-RS-140,statement-of-operations,Net increase (decrease) in fair value of derivatives,us-gaap:GainLossOnDerivativeInstrumentsNetPretax,USD,2024-04-01,2024-06-30,7882000,2024-08-09T20:31:26.000Z,0001628280-24-036497,2025-03-18T10:04:50.000Z,0001193125-25-056086,8081000,2025-03-25T20:49:29.000Z,0001628280-25-014752,199000,199000,199000,true,false,issuer-identified-restatement,matched,matched,https://www.sec.gov/Archives/edgar/data/1836981/000162828024036497/bbai-20240630.htm,https://www.sec.gov/Archives/edgar/data/1836981/000119312525056086/d925610d8k.htm,https://www.sec.gov/Archives/edgar/data/1836981/000162828025014752/bbai-20241231.htm
bbai-accession-level-pit-revision-ledger-2025-v1,a7e2d6b0bf868fbb853a6b9decff34bcbd6c61f4d3ea2f0e859c80803a399641,141,BBAI-RS-141,statement-of-operations,Loss before taxes,us-gaap:IncomeLossFromContinuingOperationsBeforeIncomeTaxesExtraordinaryItemsNoncontrollingInterest,USD,2024-04-01,2024-06-30,-11722000,2024-08-09T20:31:26.000Z,0001628280-24-036497,2025-03-18T10:04:50.000Z,0001193125-25-056086,-14424000,2025-03-25T20:49:29.000Z,0001628280-25-014752,-2702000,-2702000,2702000,true,false,issuer-identified-restatement,matched,matched,https://www.sec.gov/Archives/edgar/data/1836981/000162828024036497/bbai-20240630.htm,https://www.sec.gov/Archives/edgar/data/1836981/000119312525056086/d925610d8k.htm,https://www.sec.gov/Archives/edgar/data/1836981/000162828025014752/bbai-20241231.htm
bbai-accession-level-pit-revision-ledger-2025-v1,a7e2d6b0bf868fbb853a6b9decff34bcbd6c61f4d3ea2f0e859c80803a399641,142,BBAI-RS-142,statement-of-operations,Interest expense,us-gaap:InterestExpenseDebt,USD,2024-04-01,2024-06-30,3551000,2024-08-09T20:31:26.000Z,0001628280-24-036497,2025-03-18T10:04:50.000Z,0001193125-25-056086,6452000,2025-03-25T20:49:29.000Z,0001628280-25-014752,2901000,2901000,2901000,true,false,issuer-identified-restatement,matched,matched,https://www.sec.gov/Archives/edgar/data/1836981/000162828024036497/bbai-20240630.htm,https://www.sec.gov/Archives/edgar/data/1836981/000119312525056086/d925610d8k.htm,https://www.sec.gov/Archives/edgar/data/1836981/000162828025014752/bbai-20241231.htm
bbai-accession-level-pit-revision-ledger-2025-v1,a7e2d6b0bf868fbb853a6b9decff34bcbd6c61f4d3ea2f0e859c80803a399641,143,BBAI-RS-143,statement-of-operations,Net loss,us-gaap:NetIncomeLoss,USD,2024-04-01,2024-06-30,-11737000,2024-08-09T20:31:26.000Z,0001628280-24-036497,2025-03-18T10:04:50.000Z,0001193125-25-056086,-14439000,2025-03-25T20:49:29.000Z,0001628280-25-014752,-2702000,-2702000,2702000,true,false,issuer-identified-restatement,matched,matched,https://www.sec.gov/Archives/edgar/data/1836981/000162828024036497/bbai-20240630.htm,https://www.sec.gov/Archives/edgar/data/1836981/000119312525056086/d925610d8k.htm,https://www.sec.gov/Archives/edgar/data/1836981/000162828025014752/bbai-20241231.htm
bbai-accession-level-pit-revision-ledger-2025-v1,a7e2d6b0bf868fbb853a6b9decff34bcbd6c61f4d3ea2f0e859c80803a399641,144,BBAI-RS-144,balance-sheet,Deferred tax liabilities,us-gaap:DeferredIncomeTaxLiabilitiesNet,USD,,2024-09-30,0,2024-11-07T21:28:46.000Z,0001628280-24-046327,2025-03-18T10:04:50.000Z,0001193125-25-056086,291000,2025-03-25T20:49:29.000Z,0001628280-25-014752,291000,291000,291000,true,false,issuer-identified-restatement,matched,matched,https://www.sec.gov/Archives/edgar/data/1836981/000162828024046327/bbai-20240930.htm,https://www.sec.gov/Archives/edgar/data/1836981/000119312525056086/d925610d8k.htm,https://www.sec.gov/Archives/edgar/data/1836981/000162828025014752/bbai-20241231.htm
bbai-accession-level-pit-revision-ledger-2025-v1,a7e2d6b0bf868fbb853a6b9decff34bcbd6c61f4d3ea2f0e859c80803a399641,145,BBAI-RS-145,balance-sheet,Derivative liabilities,us-gaap:DerivativeLiabilitiesCurrent,USD,,2024-09-30,15796000,2024-11-07T21:28:46.000Z,0001628280-24-046327,2025-03-18T10:04:50.000Z,0001193125-25-056086,15851000,2025-03-25T20:49:29.000Z,0001628280-25-014752,55000,55000,55000,true,false,issuer-identified-restatement,matched,matched,https://www.sec.gov/Archives/edgar/data/1836981/000162828024046327/bbai-20240930.htm,https://www.sec.gov/Archives/edgar/data/1836981/000119312525056086/d925610d8k.htm,https://www.sec.gov/Archives/edgar/data/1836981/000162828025014752/bbai-20241231.htm
bbai-accession-level-pit-revision-ledger-2025-v1,a7e2d6b0bf868fbb853a6b9decff34bcbd6c61f4d3ea2f0e859c80803a399641,146,BBAI-RS-146,balance-sheet,Total liabilities,us-gaap:Liabilities,USD,,2024-09-30,255650000,2024-11-07T21:28:46.000Z,0001628280-24-046327,2025-03-18T10:04:50.000Z,0001193125-25-056086,226620000,2025-03-25T20:49:29.000Z,0001628280-25-014752,-29030000,-29030000,29030000,true,false,issuer-identified-restatement,matched,matched,https://www.sec.gov/Archives/edgar/data/1836981/000162828024046327/bbai-20240930.htm,https://www.sec.gov/Archives/edgar/data/1836981/000119312525056086/d925610d8k.htm,https://www.sec.gov/Archives/edgar/data/1836981/000162828025014752/bbai-20241231.htm
bbai-accession-level-pit-revision-ledger-2025-v1,a7e2d6b0bf868fbb853a6b9decff34bcbd6c61f4d3ea2f0e859c80803a399641,147,BBAI-RS-147,balance-sheet,Total current liabilities,us-gaap:LiabilitiesCurrent,USD,,2024-09-30,50585000,2024-11-07T21:28:46.000Z,0001628280-24-046327,2025-03-18T10:04:50.000Z,0001193125-25-056086,50640000,2025-03-25T20:49:29.000Z,0001628280-25-014752,55000,55000,55000,true,false,issuer-identified-restatement,matched,matched,https://www.sec.gov/Archives/edgar/data/1836981/000162828024046327/bbai-20240930.htm,https://www.sec.gov/Archives/edgar/data/1836981/000119312525056086/d925610d8k.htm,https://www.sec.gov/Archives/edgar/data/1836981/000162828025014752/bbai-20241231.htm
bbai-accession-level-pit-revision-ledger-2025-v1,a7e2d6b0bf868fbb853a6b9decff34bcbd6c61f4d3ea2f0e859c80803a399641,148,BBAI-RS-148,balance-sheet,Long-term debt,us-gaap:LongTermDebtNoncurrent,USD,,2024-09-30,195738000,2024-11-07T21:28:46.000Z,0001628280-24-046327,2025-03-18T10:04:50.000Z,0001193125-25-056086,166362000,2025-03-25T20:49:29.000Z,0001628280-25-014752,-29376000,-29376000,29376000,true,false,issuer-identified-restatement,matched,matched,https://www.sec.gov/Archives/edgar/data/1836981/000162828024046327/bbai-20240930.htm,https://www.sec.gov/Archives/edgar/data/1836981/000119312525056086/d925610d8k.htm,https://www.sec.gov/Archives/edgar/data/1836981/000162828025014752/bbai-20241231.htm
bbai-accession-level-pit-revision-ledger-2025-v1,a7e2d6b0bf868fbb853a6b9decff34bcbd6c61f4d3ea2f0e859c80803a399641,149,BBAI-RS-149,balance-sheet,Accumulated deficit,us-gaap:RetainedEarningsAccumulatedDeficit,USD,,2024-09-30,-462490000,2024-11-07T21:28:46.000Z,0001628280-24-046327,2025-03-18T10:04:50.000Z,0001193125-25-056086,-433460000,2025-03-25T20:49:29.000Z,0001628280-25-014752,29030000,29030000,29030000,true,false,issuer-identified-restatement,matched,matched,https://www.sec.gov/Archives/edgar/data/1836981/000162828024046327/bbai-20240930.htm,https://www.sec.gov/Archives/edgar/data/1836981/000119312525056086/d925610d8k.htm,https://www.sec.gov/Archives/edgar/data/1836981/000162828025014752/bbai-20241231.htm
bbai-accession-level-pit-revision-ledger-2025-v1,a7e2d6b0bf868fbb853a6b9decff34bcbd6c61f4d3ea2f0e859c80803a399641,150,BBAI-RS-150,balance-sheet,Total stockholders' equity (deficit),us-gaap:StockholdersEquity,USD,,2024-09-30,98433000,2024-11-07T21:28:46.000Z,0001628280-24-046327,2025-03-18T10:04:50.000Z,0001193125-25-056086,127463000,2025-03-25T20:49:29.000Z,0001628280-25-014752,29030000,29030000,29030000,true,false,issuer-identified-restatement,matched,matched,https://www.sec.gov/Archives/edgar/data/1836981/000162828024046327/bbai-20240930.htm,https://www.sec.gov/Archives/edgar/data/1836981/000119312525056086/d925610d8k.htm,https://www.sec.gov/Archives/edgar/data/1836981/000162828025014752/bbai-20241231.htm
bbai-accession-level-pit-revision-ledger-2025-v1,a7e2d6b0bf868fbb853a6b9decff34bcbd6c61f4d3ea2f0e859c80803a399641,151,BBAI-RS-151,statement-of-cash-flows,Net increase (decrease) in fair value of derivatives,bbai:FairValueAdjustmentsOfWarrantsAndDerivatives,USD,2024-01-01,2024-09-30,14832000,2024-11-07T21:28:46.000Z,0001628280-24-046327,2025-03-18T10:04:50.000Z,0001193125-25-056086,14396000,2025-03-25T20:49:29.000Z,0001628280-25-014752,-436000,-436000,436000,true,false,issuer-identified-restatement,custom-taxonomy-not-returned,custom-taxonomy-not-returned,https://www.sec.gov/Archives/edgar/data/1836981/000162828024046327/bbai-20240930.htm,https://www.sec.gov/Archives/edgar/data/1836981/000119312525056086/d925610d8k.htm,https://www.sec.gov/Archives/edgar/data/1836981/000162828025014752/bbai-20241231.htm
bbai-accession-level-pit-revision-ledger-2025-v1,a7e2d6b0bf868fbb853a6b9decff34bcbd6c61f4d3ea2f0e859c80803a399641,152,BBAI-RS-152,statement-of-cash-flows,Amortization of debt issuance costs and discount,us-gaap:AmortizationOfFinancingCosts,USD,2024-01-01,2024-09-30,1517000,2024-11-07T21:28:46.000Z,0001628280-24-046327,2025-03-18T10:04:50.000Z,0001193125-25-056086,10259000,2025-03-25T20:49:29.000Z,0001628280-25-014752,8742000,8742000,8742000,true,false,issuer-identified-restatement,matched,matched,https://www.sec.gov/Archives/edgar/data/1836981/000162828024046327/bbai-20240930.htm,https://www.sec.gov/Archives/edgar/data/1836981/000119312525056086/d925610d8k.htm,https://www.sec.gov/Archives/edgar/data/1836981/000162828025014752/bbai-20241231.htm
bbai-accession-level-pit-revision-ledger-2025-v1,a7e2d6b0bf868fbb853a6b9decff34bcbd6c61f4d3ea2f0e859c80803a399641,153,BBAI-RS-153,statement-of-cash-flows,Net loss,us-gaap:NetIncomeLoss,USD,2024-01-01,2024-09-30,-149060000,2024-11-07T21:28:46.000Z,0001628280-24-046327,2025-03-18T10:04:50.000Z,0001193125-25-056086,-157366000,2025-03-25T20:49:29.000Z,0001628280-25-014752,-8306000,-8306000,8306000,true,false,issuer-identified-restatement,matched,matched,https://www.sec.gov/Archives/edgar/data/1836981/000162828024046327/bbai-20240930.htm,https://www.sec.gov/Archives/edgar/data/1836981/000119312525056086/d925610d8k.htm,https://www.sec.gov/Archives/edgar/data/1836981/000162828025014752/bbai-20241231.htm
bbai-accession-level-pit-revision-ledger-2025-v1,a7e2d6b0bf868fbb853a6b9decff34bcbd6c61f4d3ea2f0e859c80803a399641,154,BBAI-RS-154,statement-of-operations,Total comprehensive loss,us-gaap:ComprehensiveIncomeNetOfTax,USD,2024-01-01,2024-09-30,-149068000,2024-11-07T21:28:46.000Z,0001628280-24-046327,2025-03-18T10:04:50.000Z,0001193125-25-056086,-157374000,2025-03-25T20:49:29.000Z,0001628280-25-014752,-8306000,-8306000,8306000,true,false,issuer-identified-restatement,matched,matched,https://www.sec.gov/Archives/edgar/data/1836981/000162828024046327/bbai-20240930.htm,https://www.sec.gov/Archives/edgar/data/1836981/000119312525056086/d925610d8k.htm,https://www.sec.gov/Archives/edgar/data/1836981/000162828025014752/bbai-20241231.htm
bbai-accession-level-pit-revision-ledger-2025-v1,a7e2d6b0bf868fbb853a6b9decff34bcbd6c61f4d3ea2f0e859c80803a399641,155,BBAI-RS-155,statement-of-operations,Basic and diluted net loss per share,us-gaap:EarningsPerShareBasic,USD/share,2024-01-01,2024-09-30,-0.65,2024-11-07T21:28:46.000Z,0001628280-24-046327,2025-03-18T10:04:50.000Z,0001193125-25-056086,-0.69,2025-03-25T20:49:29.000Z,0001628280-25-014752,-0.04,-0.039999999999999925,0.039999999999999925,true,false,issuer-identified-restatement,matched,matched,https://www.sec.gov/Archives/edgar/data/1836981/000162828024046327/bbai-20240930.htm,https://www.sec.gov/Archives/edgar/data/1836981/000119312525056086/d925610d8k.htm,https://www.sec.gov/Archives/edgar/data/1836981/000162828025014752/bbai-20241231.htm
bbai-accession-level-pit-revision-ledger-2025-v1,a7e2d6b0bf868fbb853a6b9decff34bcbd6c61f4d3ea2f0e859c80803a399641,156,BBAI-RS-156,statement-of-operations,Basic and diluted net loss per share,us-gaap:EarningsPerShareDiluted,USD/share,2024-01-01,2024-09-30,-0.65,2024-11-07T21:28:46.000Z,0001628280-24-046327,2025-03-18T10:04:50.000Z,0001193125-25-056086,-0.69,2025-03-25T20:49:29.000Z,0001628280-25-014752,-0.04,-0.039999999999999925,0.039999999999999925,true,false,issuer-identified-restatement,matched,matched,https://www.sec.gov/Archives/edgar/data/1836981/000162828024046327/bbai-20240930.htm,https://www.sec.gov/Archives/edgar/data/1836981/000119312525056086/d925610d8k.htm,https://www.sec.gov/Archives/edgar/data/1836981/000162828025014752/bbai-20241231.htm
bbai-accession-level-pit-revision-ledger-2025-v1,a7e2d6b0bf868fbb853a6b9decff34bcbd6c61f4d3ea2f0e859c80803a399641,157,BBAI-RS-157,statement-of-operations,Net increase (decrease) in fair value of derivatives,us-gaap:GainLossOnDerivativeInstrumentsNetPretax,USD,2024-01-01,2024-09-30,-14832000,2024-11-07T21:28:46.000Z,0001628280-24-046327,2025-03-18T10:04:50.000Z,0001193125-25-056086,-14396000,2025-03-25T20:49:29.000Z,0001628280-25-014752,436000,436000,436000,true,false,issuer-identified-restatement,matched,matched,https://www.sec.gov/Archives/edgar/data/1836981/000162828024046327/bbai-20240930.htm,https://www.sec.gov/Archives/edgar/data/1836981/000119312525056086/d925610d8k.htm,https://www.sec.gov/Archives/edgar/data/1836981/000162828025014752/bbai-20241231.htm
bbai-accession-level-pit-revision-ledger-2025-v1,a7e2d6b0bf868fbb853a6b9decff34bcbd6c61f4d3ea2f0e859c80803a399641,158,BBAI-RS-158,statement-of-operations,Loss before taxes,us-gaap:IncomeLossFromContinuingOperationsBeforeIncomeTaxesExtraordinaryItemsNoncontrollingInterest,USD,2024-01-01,2024-09-30,-149038000,2024-11-07T21:28:46.000Z,0001628280-24-046327,2025-03-18T10:04:50.000Z,0001193125-25-056086,-157344000,2025-03-25T20:49:29.000Z,0001628280-25-014752,-8306000,-8306000,8306000,true,false,issuer-identified-restatement,matched,matched,https://www.sec.gov/Archives/edgar/data/1836981/000162828024046327/bbai-20240930.htm,https://www.sec.gov/Archives/edgar/data/1836981/000119312525056086/d925610d8k.htm,https://www.sec.gov/Archives/edgar/data/1836981/000162828025014752/bbai-20241231.htm
bbai-accession-level-pit-revision-ledger-2025-v1,a7e2d6b0bf868fbb853a6b9decff34bcbd6c61f4d3ea2f0e859c80803a399641,159,BBAI-RS-159,statement-of-operations,Interest expense,us-gaap:InterestExpenseDebt,USD,2024-01-01,2024-09-30,10647000,2024-11-07T21:28:46.000Z,0001628280-24-046327,2025-03-18T10:04:50.000Z,0001193125-25-056086,19389000,2025-03-25T20:49:29.000Z,0001628280-25-014752,8742000,8742000,8742000,true,false,issuer-identified-restatement,matched,matched,https://www.sec.gov/Archives/edgar/data/1836981/000162828024046327/bbai-20240930.htm,https://www.sec.gov/Archives/edgar/data/1836981/000119312525056086/d925610d8k.htm,https://www.sec.gov/Archives/edgar/data/1836981/000162828025014752/bbai-20241231.htm
bbai-accession-level-pit-revision-ledger-2025-v1,a7e2d6b0bf868fbb853a6b9decff34bcbd6c61f4d3ea2f0e859c80803a399641,160,BBAI-RS-160,statement-of-operations,Net loss,us-gaap:NetIncomeLoss,USD,2024-01-01,2024-09-30,-149060000,2024-11-07T21:28:46.000Z,0001628280-24-046327,2025-03-18T10:04:50.000Z,0001193125-25-056086,-157366000,2025-03-25T20:49:29.000Z,0001628280-25-014752,-8306000,-8306000,8306000,true,false,issuer-identified-restatement,matched,matched,https://www.sec.gov/Archives/edgar/data/1836981/000162828024046327/bbai-20240930.htm,https://www.sec.gov/Archives/edgar/data/1836981/000119312525056086/d925610d8k.htm,https://www.sec.gov/Archives/edgar/data/1836981/000162828025014752/bbai-20241231.htm
